name,label
王霜,Person
代金刚,Person
杨威,Person
《保生心鉴》,Source
二十四节气中医导引法,Technique
中国中医药图书情报杂志,Source
中国中医科学院中医基础理论研究所,OrgLocation
中国中医科学院医学实验中心,OrgLocation
北京,OrgLocation
唐末宋初,TimeSeason
陈希夷,Person
导引方法,Technique
气血阴阳规律,Concept
二十四节气,SolarTerm
中医导引法,Technique
陈希夷二十四气导引坐功图,Technique
陈希夷二十四节气坐功图,Technique
陈希夷先生二十四,Person
气坐功导引治病图说,Source
太清二十四气水火聚散图势,Technique
因时制宜,Concept
天地人一体,Concept
时令运气,Concept
坐功,Technique
养修炼,Concept
时令特点,TimeSeason
功法,Technique
操作要点,Technique
所治病症,DiseaseSymptom
晚明时期,TimeSeason
《遵生八笺》,Source
太清二十四气水火聚散图,Concept
陈抟,Person
节气养生,Concept
脏腑经络,Concept
气血阴阳,Concept
精气,Concept
二十四气导引坐功图势,Technique
当月其他的养生方式,Concept
按摩,Technique
导引,Technique
针砭,Technique
药饵,FoodHerb
坐功导引法,Technique
养生,Concept
近现代,TimeSeason
《内外功图说 集序》,Source
养生大要,Concept
坚持导引,Technique
陈希夷先生,Person
二十四节气导引治病,Technique
节气导引养生,Concept
病证,DiseaseSymptom
春分,SolarTerm
秋分,SolarTerm
《梦溪笔谈》,Source
吐翕咽津,Technique
存想腹胃,Technique
丹砂,FoodHerb
腹中,BodyPart
耀日术,Technique
丹药,FoodHerb
天人合一,Concept
昼夜均,Concept
寒暑平,Concept
阴阳平衡,Concept
阴阳协调,Concept
冬三月,TimeSeason
早卧晚起,Technique
日光,FoodHerb
节气,SolarTerm
天地,Concept
四时,TimeSeason
阴阳消长,Concept
气候特点,Concept
人体,BodyPart
节气的气候特点,Concept
人体的阴阳消长规律,Concept
人与自然,Concept
黄帝内经,Source
天人相应,Concept
导引锻炼法,Technique
铁峰居士,Person
《礼记•月令》,Source
《素问》,Source
十二时辰养生理论,Concept
《灵枢经》,Source
《运气论奥》,Source
四季,TimeSeason
十二月,TimeSeason
身心行境合一,Concept
《素问•四气调神大论》,Source
《活人心法》,Source
导引图势,Technique
三十二幅篇,Other
天气清净，光明者也,Concept
藏德不止,Concept
身无奇病,DiseaseSymptom
万物不失,Concept
养生理论,Concept
图下,Other
二十四节气导引术,Technique
太清篇,Source
生长,Concept
圣人,Person
保健,Concept
养生养长,Concept
生长之门,Concept
节令,TimeSeason
主何气,Concept
春生,Concept
夏长,Concept
秋收,Concept
冬藏,Concept
少阴二气,Concept
二月,TimeSeason
手阳明大肠,BodyPart
燥金,Concept
玄鸟,Concept
发声,Concept
阴阳,Concept
大寒,SolarTerm
风寒雨湿,DiseaseSymptom
厥阴初气,Concept
三气养生,Concept
上古天真论篇,Source
五运六气,Concept
主气,Concept
气候之常,Concept
立守神,Technique
肌肉若一,Technique
二十四节气导引法,Technique
经络理论,Concept
六气变化,Concept
天人合用,Concept
真人,Concept
心,BodyPart
时间,TimeSeason
空间,TimeSeason
人体内外环境,Concept
经脉,Concept
导引法,Technique
《灵枢•经脉》,Source
时令,TimeSeason
气血,Concept
病邪,DiseaseSymptom
死生,Concept
虚实,Concept
导引功法,Technique
十二经脉,BodyPart
气枢要图,Source
六十年纪运图,Source
主气图,Source
客气图,Source
月令,Concept
四时气候变化,Concept
太清二十四气,Concept
水火聚散,Concept
阴阳转变,Concept
《灵枢•五乱》,Source
经脉图,Concept
春秋冬夏,TimeSeason
营运气,Concept
主治功效,Concept
黄元御,Person
《四圣心源•六气解》,Source
岁运,Concept
同病异治,Concept
六气,Concept
生辰禀赋,Concept
因人制宜,Concept
运气学说,Concept
十二经络,BodyPart
经络,BodyPart
体物候,Concept
气候,Concept
体质,Concept
偏好,Concept
饮食,FoodHerb
起居活动,Concept
劳作,DiseaseSymptom
四立,SolarTerm
立春,SolarTerm
立夏,SolarTerm
立秋,SolarTerm
立冬,SolarTerm
五劳所伤,DiseaseSymptom
五气,Concept
上古天真论,Source
宣明五气篇,Source
形劳而不倦,Concept
不妄作劳,Concept
平和,Concept
体节气的导引法,Technique
手臂,BodyPart
气候变化,Concept
人体阴阳平衡,Concept
《保生心鉴•经络配四时图》,Source
厥阴风木,Concept
少阴君火,Concept
少阳相火,Concept
太阴湿土,Concept
阳明燥金,Concept
太阳寒水,Concept
足太阴脾经,BodyPart
手阳明大肠经,BodyPart
手少阴心经,BodyPart
手太阴肺经,BodyPart
足阳明胃经,BodyPart
足厥阴肝经,BodyPart
手少阳三焦经,BodyPart
手太阳小肠经,BodyPart
足少阳胆经,BodyPart
足太阳膀胱经,BodyPart
手厥阴心包经,BodyPart
足少阴肾经,BodyPart
叠掌按髀式,Technique
补肾养心,Technique
以水济火,Concept
阳中练阴,Concept
阴中练阳,Concept
风气积滞,DiseaseSymptom
颈项痛,DiseaseSymptom
耳后痛,DiseaseSymptom
肩臑痛,DiseaseSymptom
背痛,DiseaseSymptom
肘臂诸痛,DiseaseSymptom
立秋缩身拱背式,Technique
太阴,Concept
保生心鉴,Source
白露,SolarTerm
寒蝉鸣,DiseaseSymptom
足少阳胆,BodyPart
木立春,SolarTerm
东风,Technique
丑寅时,TimeSeason
正坐,Technique
两手托,Technique
缩体闭,Technique
叩齿,Technique
吐纳,Technique
咽液,Technique
蛰居的虫子,DiseaseSymptom
河里的冰,BodyPart
融息,DiseaseSymptom
七八度,TimeSeason
补虚益损,Concept
去腰肾积气,DiseaseSymptom
口苦,DiseaseSymptom
善太息,DiseaseSymptom
心胁痛,DiseaseSymptom
不能反侧,DiseaseSymptom
面尘,DiseaseSymptom
体无泽,DiseaseSymptom
足外热,DiseaseSymptom
头痛,DiseaseSymptom
颌痛,DiseaseSymptom
气血上升,Concept
阳痛,DiseaseSymptom
目锐眦痛,DiseaseSymptom
缺盆肿痛,DiseaseSymptom
腋下肿,DiseaseSymptom
汗出,DiseaseSymptom
振寒,DiseaseSymptom
气始升,Concept
无名指末,BodyPart
马刀侠瘿,DiseaseSymptom
结核,DiseaseSymptom
手腕背侧,BodyPart
上臂外侧,BodyPart
肩部,BodyPart
四之气,Concept
缺盆部,BodyPart
头面部,BodyPart
天高气爽,Concept
暑去凉来,Concept
阳气渐收,Concept
阴气渐长,Concept
由阳盛逐渐转为阴盛,Concept
脊柱,BodyPart
足运太极式,Technique
腰背,BodyPart
弓形,Concept
呼气,Technique
尾闾,BodyPart
风湿留滞,DiseaseSymptom
经络肿痛,DiseaseSymptom
臂肘挛急,DiseaseSymptom
腋中,BodyPart
缩身拱背式,Technique
任督二脉,BodyPart
气血循行,Concept
阳气,Concept
阴气,Concept
挽肘侧推式,Technique
肝风木,Concept
拗颈,Technique
左右作,Technique
足尖,BodyPart
顺时针,Concept
逆时针,Concept
划圆,Technique
两手左右托,Technique
河面上,OrgLocation
土地,BodyPart
大蛤,FoodHerb
冬挽肘侧推式,Technique
手掌,BodyPart
身体,BodyPart
王亚萍,Person
年莉,Person
明代,TimeSeason
养生学,Concept
浙江中医药大学学报,Source
心阳,Concept
肾阴,Concept
心肾相交,Concept
手三阴经,BodyPart
郭颖,Person
长春中医药大学,OrgLocation
二十四节气坐功导引法,Technique
厉逸芝,Person
武汉,OrgLocation
体育学院,OrgLocation
王庆其,Person
天人关系,Concept
《黄帝内经》,Source
中国中医基础医学杂志,Source
主治病症,DiseaseSymptom
养生保健,Concept
防病治病,Concept
中华传统文化,Concept
张明亮,Person
二十四节气导引养生法,Technique
中医的时间智慧,Concept
天人合一理论,Concept
人民,OrgLocation
田思玮,Person
疾病后期康复治疗,DiseaseSymptom
引法,Technique
中华文化,Concept
中国传统文化,Concept
临床思路,Concept
治则治法,Concept
王国为,Person
冯茗渲,Person
中国中医基础医学,Source
十四节气导引法,Technique
经络学说,Concept
未病,DiseaseSymptom
防治疾病,DiseaseSymptom
杨小蝶,Person
强尧,Person
世界最新医学信息文摘,Source
二十,Other
起始时刻,TimeSeason
四节气,SolarTerm
中医理论,Concept
中医思维方式,Concept
春雨,SolarTerm
惊春,SolarTerm
清谷天,SolarTerm
夏满,SolarTerm
芒夏,SolarTerm
暑相连,SolarTerm
秋处,SolarTerm
露秋,SolarTerm
寒霜降,SolarTerm
冬雪,SolarTerm
雪冬,SolarTerm
小大寒,SolarTerm
夏至,SolarTerm
冬至,SolarTerm
流行性传染病,DiseaseSymptom
细菌,FoodHerb
万物生长,Concept
上半年,TimeSeason
下半年,TimeSeason
六廿一,TimeSeason
八廿三,TimeSeason
雨水,SolarTerm
惊蛰,SolarTerm
清明,SolarTerm
谷雨,SolarTerm
小满,SolarTerm
芒种,SolarTerm
小暑,SolarTerm
大暑,SolarTerm
处暑,SolarTerm
寒露,SolarTerm
霜降,SolarTerm
小雪,SolarTerm
大雪,SolarTerm
精神病,DiseaseSymptom
过敏性疾病,DiseaseSymptom
情绪的波动,DiseaseSymptom
情志,Concept
春季,TimeSeason
户外活动,Technique
郊游,Technique
晨运,Technique
沐浴阳光,Technique
呼吸清新空气,Technique
嬉戏玩乐,Technique
烦恼,Concept
迎风顺气,Technique
随风送忧,Technique
小寒,SolarTerm
饮食调养,Concept
寒性食物,FoodHerb
温热之品,FoodHerb
益阳之品,FoodHerb
滋阴之物,FoodHerb
古代天文,Concept
气候科学,Concept
文化遗产,Concept
脘腹不舒,DiseaseSymptom
韭菜,FoodHerb
大蒜,FoodHerb
木瓜,FoodHerb
蛋类,FoodHerb
助阳,Concept
滋阴,Concept
阴阳互补,Concept
川芎,FoodHerb
白芷,FoodHerb
鱼头,FoodHerb
白木耳,FoodHerb
红枣,FoodHerb
猪瘦肉,FoodHerb
生麦芽,FoodHerb
淮山,FoodHerb
牛肚,FoodHerb
节气与养生,Concept
养生专家,Person
《月令七十二候集解》,Source
斗指壬,Concept
农历书,Source
断雪,DiseaseSymptom
断霜,DiseaseSymptom
气候逐渐转暖,Concept
两半球昼夜均分,Concept
春之半,Concept
《春秋繁露·阴阳出入上下篇》,Source
桃李初绽,Concept
万物欣欣向荣,Concept
清洁明净的春季风光,Concept
寒冬景象,DiseaseSymptom
草木,BodyPart
清新明朗,Concept
白天黑夜平分,Concept
肌肤腠理舒展,BodyPart
五脏六腑,BodyPart
清气,Concept
润濡,Concept
登山,Technique
踏青,Technique
疲倦嗜睡,DiseaseSymptom
昼渐长,TimeSeason
夜渐觉,TimeSeason
晴雨多变,DiseaseSymptom
感冒,DiseaseSymptom
扁桃体炎,DiseaseSymptom
支气,DiseaseSymptom
南半球,TimeSeason
严寒,DiseaseSymptom
气温,BodyPart
管炎,DiseaseSymptom
肺炎,DiseaseSymptom
白喉,DiseaseSymptom
猩红热,DiseaseSymptom
百日咳,DiseaseSymptom
麻疹,DiseaseSymptom
水痘,DiseaseSymptom
流行性脑膜炎,DiseaseSymptom
华北地区,OrgLocation
黄淮地区,OrgLocation
天气变化,Concept
病从口入,DiseaseSymptom
荠菜,FoodHerb
菠菜,FoodHerb
山药,FoodHerb
淡菜,FoodHerb
柔肝,Technique
养肺,Technique
益肝,Technique
利五脏,Technique
通血脉,Technique
益阴,Technique
滋水涵木,Concept
明前茶,FoodHerb
养肝清头目,Concept
化痰除烦渴,Concept
提神醒脑,Concept
鳝鱼,FoodHerb
鲫鱼,FoodHerb
泥鳅,FoodHerb
鲤鱼,FoodHerb
鳙鱼,FoodHerb
补血气,Concept
肝属木,Concept
木物,Concept
防病抗病能力,Concept
平安度夏,Concept
生火,Technique
高血压,DiseaseSymptom
天地间,Concept
蒸蒸,Concept
自然之气,Concept
情舒畅,Concept
动作柔和,Technique
动中有静,Technique
定时定量,Technique
夏季,TimeSeason
太阳黄经,Concept
斗指东南,Concept
万物至此皆长大,Concept
华夏大地,OrgLocation
公历,TimeSeason
太阳,BodyPart
天气,DiseaseSymptom
雨量,DiseaseSymptom
大风,DiseaseSymptom
出汗,DiseaseSymptom
呼吸,DiseaseSymptom
水分,BodyPart
雨生百谷,Concept
《群芳谱》,Source
上火,DiseaseSymptom
咽干口燥,DiseaseSymptom
食欲不振,DiseaseSymptom
大便干,DiseaseSymptom
新陈代谢,Concept
生理机能,Concept
《通化反复无常》,Source
三燥,DiseaseSymptom
小便发黄,DiseaseSymptom
口腔溃疡,DiseaseSymptom
痤疮,DiseaseSymptom
土膏脉动,Concept
谷以此时播种,Concept
雨读作去声,Concept
饮食宜清淡,Technique
忌食油腻,Technique
雨我公田,Concept
自上而下,Concept
牛奶,FoodHerb
豆制品,FoodHerb
鸡肉,FoodHerb
瘦肉,FoodHerb
营养,Concept
养心,Technique
强身,Technique
中沙群岛,OrgLocation
西沙群岛,OrgLocation
蔬菜,FoodHerb
水果,FoodHerb
粗粮,FoodHerb
纤维素,FoodHerb
维生素,FoodHerb
动脉硬化,DiseaseSymptom
饮水,FoodHerb
青藏高原,OrgLocation
黑龙江,OrgLocation
寒潮天气,DiseaseSymptom
平均气温,Concept
气温的升高,DiseaseSymptom
湿疹,DiseaseSymptom
精神养生,Technique
平和的心态,Concept
狂喜大怒,DiseaseSymptom
绘画,Technique
练书法,Technique
听音乐,Technique
下棋,Technique
清热解毒,FoodHerb
养血润燥,Concept
汤水,FoodHerb
钓鱼,Technique
紧张情绪,DiseaseSymptom
心情舒畅,Concept
天气转暖,TimeSeason
昼长夜短,Concept
天亮得早、黑得晚,Concept
桃花,FoodHerb
杏花,FoodHerb
杨花,FoodHerb
柳絮,FoodHerb
过敏性疾,DiseaseSymptom
晚些入睡,Technique
早点起床,Technique
阳盛阴虚,Concept
节气变化,Concept
午睡,Technique
祛风湿,Concept
舒筋骨,Concept
温防伤风感冒,DiseaseSymptom
发汗,Technique
伤心,DiseaseSymptom
精神压力,DiseaseSymptom
食物的消照射,Other
内热,DiseaseSymptom
气血运行,Concept
防湿病,DiseaseSymptom
小睡,Technique
疲劳,DiseaseSymptom
皮肤病,DiseaseSymptom
脚至,BodyPart
下肢溃疡,DiseaseSymptom
天热,DiseaseSymptom
衣服,FoodHerb
勤洗勤换,Technique
汗出见湿,DiseaseSymptom
座疮,DiseaseSymptom
天气闷热,DiseaseSymptom
潮湿,DiseaseSymptom
湿重,DiseaseSymptom
历书,Source
湿病,DiseaseSymptom
洗澡,Technique
冷水,FoodHerb
冲澡,Technique
露天,OrgLocation
红小豆,FoodHerb
慧芭仁,FoodHerb
绿豆,FoodHerb
冬瓜,FoodHerb
丝瓜,FoodHerb
胡萝卜,FoodHerb
西红柿,FoodHerb
西瓜,FoodHerb
莲子,FoodHerb
北方,OrgLocation
南方,OrgLocation
冷空气,Other
消化吸收,Concept
水液代谢,Concept
脾虚,DiseaseSymptom
低温,DiseaseSymptom
长江下游地区,OrgLocation
闷热,DiseaseSymptom
绿豆粥,FoodHerb
荷叶天,FoodHerb
红小豆粥,FoodHerb
脾胃,BodyPart
防热防湿,Technique
受凉,DiseaseSymptom
湿热,DiseaseSymptom
雨淋,DiseaseSymptom
潮湿的环境,BodyPart
湿邪,DiseaseSymptom
脚气,DiseaseSymptom
饮食清淡,Technique
生活无规律,DiseaseSymptom
熬夜加班,DiseaseSymptom
肝脏,BodyPart
胆汁酸,FoodHerb
橙汁,FoodHerb
去火,DiseaseSymptom
有芒之谷,FoodHerb
生热,DiseaseSymptom
生痰,DiseaseSymptom
苦瓜,FoodHerb
芦笋,FoodHerb
水芹,FoodHerb
萝卜,FoodHerb
梅雨季节,TimeSeason
血压,BodyPart
头痛头晕,DiseaseSymptom
清晨,TimeSeason
傍晚,TimeSeason
河防,OrgLocation
红眼病,DiseaseSymptom
湖水边,OrgLocation
公园庭院,OrgLocation
森林,OrgLocation
海滨地区,OrgLocation
消化道疾病,DiseaseSymptom
散步,Technique
慢跑,Technique
太极拳,Technique
广播操,Technique
用眼卫生,Concept
饮食不节,Concept
饮食偏嗜,Concept
适量,Concept
北回归线,BodyPart
大汗淋漓,DiseaseSymptom
汗泄太多,DiseaseSymptom
摄食不足,DiseaseSymptom
营养缺乏,DiseaseSymptom
过饥,DiseaseSymptom
伤阴气,Concept
损阳气,Concept
湿痹证,DiseaseSymptom
黄汗,DiseaseSymptom
厌食吐泻,DiseaseSymptom
食伤脾胃,DiseaseSymptom
饮食不洁,DiseaseSymptom
胃肠道疾病,DiseaseSymptom
痢疾,DiseaseSymptom
寄生虫,DiseaseSymptom
高温酷暑,TimeSeason
清淡,FoodHerb
肥甘厚味,FoodHerb
腐败变质的食物,FoodHerb
杂粮,FoodHerb
热性食物,FoodHerb
瓜果,FoodHerb
腹痛,DiseaseSymptom
吐泻,DiseaseSymptom
昏迷,DiseaseSymptom
食物中毒,DiseaseSymptom
裕康,Person
《养生论》,Source
升高,DiseaseSymptom
潮气,DiseaseSymptom
息静心,Technique
冰雪在心,Concept
炎热,DiseaseSymptom
痔疮,DiseaseSymptom
风湿,DiseaseSymptom
关节炎,DiseaseSymptom
坐久了,TimeSeason
炎热的夏天,TimeSeason
久坐,DiseaseSymptom
木凳,BodyPart
调整气,Technique
心神安静,Technique
意念,Technique
黄经,Concept
达度,Concept
夜间气温,TimeSeason
初伏,SolarTerm
关节不适,DiseaseSymptom
消化不良,DiseaseSymptom
腹泻,DiseaseSymptom
晚睡早起,Technique
午休,Technique
阴阳盛衰,Concept
温度之差,Concept
暴雨,DiseaseSymptom
我国,OrgLocation
全身困倦乏,DiseaseSymptom
干热,DiseaseSymptom
心烦意乱,DiseaseSymptom
空调,FoodHerb
身体的适应能力,Concept
高温天气,TimeSeason
慢性支气管炎,DiseaseSymptom
肺气肿,DiseaseSymptom
支气管炎,DiseaseSymptom
过敏性鼻炎,DiseaseSymptom
风湿痹症,DiseaseSymptom
心力衰竭,DiseaseSymptom
内心脆弱,Concept
血容量,Concept
大脑,BodyPart
供血不足,DiseaseSymptom
冷饮,FoodHerb
凉席,FoodHerb
情绪中暑,DiseaseSymptom
恶寒,DiseaseSymptom
鼻塞流涕,DiseaseSymptom
喉痛咽障碍,DiseaseSymptom
心肌缺血,DiseaseSymptom
心律失常,DiseaseSymptom
血压升高,DiseaseSymptom
猝死,DiseaseSymptom
刘书龙,Person
二十四节气与养生,Source
消化道症状,DiseaseSymptom
呕吐,DiseaseSymptom
阴暑,DiseaseSymptom
心静,Technique
时病论,Source
暑热,DiseaseSymptom
心理纳凉,Technique
心病,DiseaseSymptom
阴寒,DiseaseSymptom
心理暗示,Technique
心理纳凉法,Technique
六月,TimeSeason
通纬·畏而可避,Source
孝经援神契,Source
中暑,DiseaseSymptom
阴暑证,DiseaseSymptom
绿树摇曳,Other
飞泉漱玉,Other
心平气和,Concept
二伏,TimeSeason
心气,BodyPart
口眼歪斜,DiseaseSymptom
中风,DiseaseSymptom
半身瘫痪,DiseaseSymptom
防暑降温的饮料,FoodHerb
药品,FoodHerb
七月,TimeSeason
秋训示,Source
电扇,FoodHerb
中暑先兆,DiseaseSymptom
通风处,OrgLocation
生冷饮食,FoodHerb
淡盐开水,FoodHerb
绿豆汤,FoodHerb
西瓜汁,FoodHerb
酸梅汤,FoodHerb
凉风至,Concept
阳历月,TimeSeason
祖国传统医学,Concept
劳逸结合,Technique
烈日下,BodyPart
室内降温,Technique
睡眠要充足,Technique
饮食要,FoodHerb
纬度,TimeSeason
海拔高度,TimeSeason
季节,TimeSeason
精神,BodyPart
心态,BodyPart
情绪,BodyPart
肝火,DiseaseSymptom
无精打采,DiseaseSymptom
思维紊乱,DiseaseSymptom
急躁焦虑,DiseaseSymptom
藿香叶,FoodHerb
佩兰叶,FoodHerb
飞滑石,FoodHerb
炒麦芽,FoodHerb
甘草,FoodHerb
水煎代茶饮,Technique
盛夏,TimeSeason
秋季,TimeSeason
余热,Concept
秋阳,Concept
气象资料表,Source
下丘脑,BodyPart
空调房间,OrgLocation
庭院,OrgLocation
溪流,OrgLocation
夜晚,TimeSeason
劳动,Technique
运动,Technique
凉水洗澡,Technique
大量喝,Technique
早晨立了秋,SolarTerm
晚上凉飕飕,DiseaseSymptom
水冷三分,Concept
顾铁卿,Person
解放军健康,Source
进补,Concept
摄取营养,Technique
调盆,Technique
沐浴,Technique
暑气,Concept
越冬,Concept
流汗,DiseaseSymptom
空气的湿,Concept
赤膊露体,DiseaseSymptom
气候冷,DiseaseSymptom
气候干燥,DiseaseSymptom
养阴清热润燥,Technique
静心安神,Technique
早晚,TimeSeason
凉意,DiseaseSymptom
穿着短裤,DiseaseSymptom
受凉感冒,DiseaseSymptom
伤风感冒,DiseaseSymptom
旧病复发,DiseaseSymptom
芝麻,FoodHerb
蜂蜜,FoodHerb
百合,FoodHerb
银耳,FoodHerb
乳品,FoodHerb
干燥少雨,TimeSeason
空气湿质虚弱,DiseaseSymptom
胃病,DiseaseSymptom
慢性肺部疾患,DiseaseSymptom
润肺,Technique
养胃,Technique
生津,Technique
过敏,DiseaseSymptom
秋燥,Concept
气候干,Concept
体质者,Person
扁豆,FoodHerb
酸味饮食,FoodHerb
海腥鱼虾,FoodHerb
生冷腌菜,FoodHerb
辛辣酸咸甘,FoodHerb
辛味饮食,FoodHerb
肺气,BodyPart
咳嗽少痰,DiseaseSymptom
咽干,DiseaseSymptom
鼻燥口干,DiseaseSymptom
手脚心热,DiseaseSymptom
支气管扩张,DiseaseSymptom
肺结核,DiseaseSymptom
花粉热,DiseaseSymptom
早卧早起,Technique
酸味果蔬,FoodHerb
葱,FoodHerb
姜,FoodHerb
辛味,Concept
秋高气爽,Concept
旅游,Other
身体素质,Concept
早晨,TimeSeason
锻炼身体,Technique
睡眠,Technique
秋天,TimeSeason
抗原抗体,Concept
机体,BodyPart
抵抗,Concept
晨练,Technique
床上,BodyPart
清幽之处,OrgLocation
江河湖畔,OrgLocation
林荫道,OrgLocation
咽津,Technique
调息,Technique
燥益气,Concept
健脾,BodyPart
补肝,BodyPart
清肺,BodyPart
秋乏,DiseaseSymptom
体液偏酸,DiseaseSymptom
碱性食物,FoodHerb
人参,FoodHerb
沙参,FoodHerb
麦冬,FoodHerb
川贝,FoodHerb
月令十二集解,Source
胖大海,FoodHerb
冬虫夏草,FoodHerb
益气滋,Concept
养肺化痰,Concept
三伏天,TimeSeason
寒凉,FoodHerb
温食,FoodHerb
生冷瓜果,FoodHerb
胃气,BodyPart
老人,Person
儿童,Person
体弱者,Person
秋老虎,Concept
肠道传染病,DiseaseSymptom
疟疾,DiseaseSymptom
乙脑,DiseaseSymptom
老慢支,DiseaseSymptom
伤风,DiseaseSymptom
哮喘,DiseaseSymptom
冠心病,DiseaseSymptom
糖尿病,DiseaseSymptom
上呼吸道,BodyPart
抗病能力,Concept
夜分,TimeSeason
宵中,TimeSeason
春秋繁露,Source
阴阳出入,Concept
精神调养,Concept
肺,BodyPart
酸味甘润的果蔬,FoodHerb
干燥,DiseaseSymptom
情绪不稳,DiseaseSymptom
易伤感,DiseaseSymptom
忧郁心情,DiseaseSymptom
血液,BodyPart
纤维蛋白,FoodHerb
血液黏稠度,DiseaseSymptom
血栓,DiseaseSymptom
疏泄,Concept
收敛,Concept
闭藏,Concept
起居作息,Technique
西伯利亚,OrgLocation
大便通畅,DiseaseSymptom
起居,BodyPart
内守,Concept
心境,BodyPart
发怒急躁,DiseaseSymptom
精神抑郁,DiseaseSymptom
中秋,SolarTerm
神志,BodyPart
肃杀之气,Concept
容平之气,Concept
中午,TimeSeason
打球,Technique
游泳,Technique
洗冷水浴,Technique
五燥,Concept
天气干爽,DiseaseSymptom
昼热夜凉,TimeSeason
月日前后,TimeSeason
禽戏,Technique
打太极拳,Technique
做八段锦,Technique
练健身操,Technique
寒气,DiseaseSymptom
万物逐渐萧落,DiseaseSymptom
阴阳达黄经,Concept
月令七十二候集,Source
动功,Technique
静功,Technique
六字诀默念呼气练功法,Technique
内气功,Technique
九月中,TimeSeason
气肃而凝,Concept
露结为霜,DiseaseSymptom
意守功,Technique
动静结合,Concept
养保体内的生理阴阳平衡,Concept
冬季,TimeSeason
最低气温,Concept
天寒地冻,Concept
万木凋零,Concept
生机潜伏,Concept
寒潮,DiseaseSymptom
昼夜温差,Concept
皮肤,BodyPart
敛阴护阳,Concept
气,Concept
血管,BodyPart
心梗,DiseaseSymptom
心绞痛,DiseaseSymptom
脑梗,DiseaseSymptom
脑血管疾病,DiseaseSymptom
阴精,BodyPart
早睡晚起,Technique
腠理,BodyPart
华南沿海,OrgLocation
长冬无夏,Concept
冷天哮喘,DiseaseSymptom
寒邪,Concept
安岭以北地区,OrgLocation
月上旬,TimeSeason
慢性胃炎,DiseaseSymptom
少食生冷,Technique
北京地区,OrgLocation
月下旬,TimeSeason
和胃十二指肠溃疡病,DiseaseSymptom
复发,DiseaseSymptom
躁热之物,FoodHerb
可有的放矢,Concept
牛羊肉,FoodHerb
乌鸡,FoodHerb
豆浆,FoodHerb
青菜,FoodHerb
胃肠蠕动,BodyPart
植物神经功能,Concept
耗热量,Concept
胃液,BodyPart
消化液,Concept
食欲,Concept
补冬,Technique
老年人,Person
老寒腿,DiseaseSymptom
膝关节,BodyPart
骨性关节炎,DiseaseSymptom
寒冷,TimeSeason
免疫功能,Concept
抑郁症,DiseaseSymptom
风萧萧,DiseaseSymptom
雪花飘飘,DiseaseSymptom
天气越来越冷,DiseaseSymptom
气温骤降,DiseaseSymptom
咳嗽感,DiseaseSymptom
失眠,DiseaseSymptom
肠胃不适,DiseaseSymptom
持续的头痛,DiseaseSymptom
添衣保暖,Technique
心脑血管病,DiseaseSymptom
消化系统疾病,DiseaseSymptom
烦躁,DiseaseSymptom
悲观,DiseaseSymptom
厌世,DiseaseSymptom
人脑,BodyPart
羟色胺,Concept
黄河流域,OrgLocation
贫血,DiseaseSymptom
胃肠疾病,DiseaseSymptom
温中,Technique
益气,Technique
补精,Technique
添髓,Technique
壮阳,Technique
搓手,Technique
牛骨髓,FoodHerb
蛤蟆油,FoodHerb
鹅肉,FoodHerb
手指,BodyPart
血液循环,Concept
阴虚,Concept
六个节气,SolarTerm
南至,SolarTerm
昼最短,DiseaseSymptom
夜最长,DiseaseSymptom
微微汗出,Technique
汗多,DiseaseSymptom
泄气,Concept
冷辐射,DiseaseSymptom
低温辐射,DiseaseSymptom
心脑血管疾病,DiseaseSymptom
老年,Person
阳气伏藏,Concept
冷风飕飕,DiseaseSymptom
居室,OrgLocation
防寒保暖,Technique
墙壁温度,BodyPart
室内气温,BodyPart
阳光的直射位置,Concept
北半球,TimeSeason
白昼,TimeSeason
黑夜,TimeSeason
冻伤,DiseaseSymptom
被褥,FoodHerb
冬至饭,FoodHerb
寒冷的感觉,DiseaseSymptom
血液循环障碍,DiseaseSymptom
神经、肌肉活动缓慢,DiseaseSymptom
心跳加快,DiseaseSymptom
尿量增加,DiseaseSymptom
月日,TimeSeason
心肌梗死,DiseaseSymptom
脑出血,DiseaseSymptom
胃出血,DiseaseSymptom
冷辐射综合症,DiseaseSymptom
《月令七十二侯集解》,Source
三九补一冬,Technique
饮食养生,Concept
病痛,DiseaseSymptom
地云,Person
数九,Concept
九九八十一,Concept
脏腑,BodyPart
阴阳气血,Concept
血津液,BodyPart
九九,TimeSeason
花草树木,BodyPart
万物,Concept
早卧,Technique
晚起,Technique
避寒就温,Technique
严冬,TimeSeason
土壤冻结,DiseaseSymptom
河流封冻,DiseaseSymptom
夏草,FoodHerb
首乌,FoodHerb
枸杞,FoodHerb
当归,FoodHerb
孙思邈,Person
冬月,SolarTerm
清早出夜深归,Technique
寒威,DiseaseSymptom
羊肉,FoodHerb
狗肉,FoodHerb
猪肉,FoodHerb
鸭肉,FoodHerb
甲鱼,FoodHerb
鲅鱼,FoodHerb
海虾,FoodHerb
核桃仁,FoodHerb
大枣,FoodHerb
阳气血,Concept
食物之性,Concept
调神,Technique
清静,Technique
摒除不良情志刺激,Technique
睡眠勿蒙头,Technique
被褥不可太热,Technique
锻炼,Technique
风感冒,DiseaseSymptom
气寒,Concept
热身活动,Technique
骤起骤降,Concept
衣着,BodyPart
骤寒骤热,Concept
小寒胜大寒,Concept
鼻腔黏膜,BodyPart
分泌液,FoodHerb
加温,Technique
污染物,DiseaseSymptom
冬令,TimeSeason
三九,TimeSeason
一九,TimeSeason
二九,TimeSeason
鼻腔,BodyPart
空气层,Concept
大气污染,Concept
大雾,DiseaseSymptom
咳嗽,DiseaseSymptom
咳痰不尽,DiseaseSymptom
春捂,Technique
棉衣,FoodHerb
三月,TimeSeason
室内取暖,Technique
地板,BodyPart
洒点水,Technique
晾一些湿毛巾,Technique
预防疾病,Concept
自我保健,Concept
《授时通考·天时》,Source
《三礼》,Source
义宗,Person
数九寒天,TimeSeason
四九,TimeSeason
功能性空调,FoodHerb
加湿器,FoodHerb
春天,TimeSeason
薄衣,Technique
伤寒,DiseaseSymptom
霍乱,DiseaseSymptom
食不消,DiseaseSymptom
汪绮石,Person
天气寒冷,DiseaseSymptom
春防风,Technique
防寒,Technique
寒则伤肺,DiseaseSymptom
流行性,DiseaseSymptom
脑血管病,DiseaseSymptom
夹衣,FoodHerb
下午,TimeSeason
户外,OrgLocation
摄生,Source
消息论·春季篇,Source
阳光,FoodHerb
老年骨质疏松症,DiseaseSymptom
类风湿性关节炎,DiseaseSymptom
贫血症,DiseaseSymptom
日照,Concept
居室内的环境卫生,Concept
地面的清洁,Concept
开窗通风,Technique
空气新鲜,Concept
阳光充足,Concept
心脏,BodyPart
呼吸道疾病,DiseaseSymptom
干燥的空气,Concept
冬寒,TimeSeason
春暖,TimeSeason
阴退阳长,Concept
寒去热来,Concept
东编·脏气脏德,Source
养脾,Technique
养气,Technique
气机顺畅,Concept
养生健身,Concept
风解冻,DiseaseSymptom
冰雪皆散,DiseaseSymptom
化而为雨,Concept
养生之要,Concept
心肺功能,Concept
防老抗衰,Concept
调节中枢神经系统,Concept
提高思维能力,Concept
天气回暖,Concept
降水量逐渐增多,Concept
雪渐少了,Concept
雨渐多了,Concept
调养脾胃,Technique
腿部力量增强,BodyPart
筋骨变得更加灵健,BodyPart
饮食调节,Technique
药物调养,Technique
起居劳逸调,Technique
改善睡眠,DiseaseSymptom
消耗掉一些过剩的能量,Concept
肥胖,DiseaseSymptom
嘴唇,BodyPart
干裂,DiseaseSymptom
新鲜蔬菜,FoodHerb
多汁水果,FoodHerb
风常拂,Concept
倒春寒,DiseaseSymptom
黄淮平原,OrgLocation
江南,OrgLocation
春困,DiseaseSymptom
西洋参,FoodHerb
决明子,FoodHerb
白就,FoodHerb
菊花,FoodHerb
首乌粉,FoodHerb
补中益气汤,FoodHerb
初春,TimeSeason
劳逸,Concept
调摄,Technique
自然,Concept
生机,Concept
温度,Concept
毛孔,BodyPart
冷空,DiseaseSymptom
雨水时节,SolarTerm
氧气,Concept
懒洋洋,DiseaseSymptom
软绵绵,DiseaseSymptom
昏沉欲睡,DiseaseSymptom
后天,Concept
延年益寿,Concept
风寒之邪,DiseaseSymptom
起居劳作,Technique
自然变化规律,Concept
春季养生原则,Concept
脾,BodyPart
消化水谷,DiseaseSymptom
运送精微,Technique
营养五脏,Technique
阳气一样舒展畅达,Concept
生机勃发,Concept
六腑,BodyPart
四肢百骸,BodyPart
气血生化,Concept
蛰虫,BodyPart
水谷之海,Concept
有益气、化生、营血,Concept
营卫,Concept
春雷始鸣,Concept
蛰伏,Concept
昆虫,BodyPart
郊野,OrgLocation
冬眠,DiseaseSymptom
气机升降,Concept
生命活动,Concept
舒畅心胸,DiseaseSymptom
清醒大脑,DiseaseSymptom
振奋精神,DiseaseSymptom
协调平衡,Concept
春暖花开,Concept
空气清新,Concept
土气,Concept
柿子,FoodHerb
油腻,DiseaseSymptom
黏滞,DiseaseSymptom
中负离子,FoodHerb
脾胃阳气,Concept
胃强,Concept
胃弱,Concept
有胃则生,Concept
无胃则,Concept
清明明,Person
程南方,Person
广州,OrgLocation
广州中医药大学,OrgLocation
第二临床医学院,OrgLocation
公历月日前后,TimeSeason
睡眠不足,DiseaseSymptom
桃花雨,Other
桃花泛,Other
气清景明,Concept
万物洁显,Concept
秧苗,FoodHerb
作物,FoodHerb
阳春三月,TimeSeason
新茶,FoodHerb
树造林,Technique
饮食调理,Technique
环境调,Technique
沉困无力,DiseaseSymptom
采茶,Technique
茶农,Person
祭祖,Technique
扫墓,Technique
崇本惰嗜卧,DiseaseSymptom
嗜睡,DiseaseSymptom
山东荣成,OrgLocation
陕西,OrgLocation
子推被烧死这天,TimeSeason
禁蝎符,Technique
张天师,Person
禁止烟火,Technique
冷食,FoodHerb
寒食清明节气,SolarTerm
清明功符,Technique
山西,OrgLocation
雄鸡衔,Technique
十天,TimeSeason
寒上,TimeSeason
奋发向虫,DiseaseSymptom
大蝎子,FoodHerb
禁蝎,Technique
清明功,Technique
驱除害虫,DiseaseSymptom
渴望丰收,Concept
食节,Concept
新柳,FoodHerb
戴柳,Technique
插柳,Technique
盘腿静坐,Technique
调整呼,Technique
春阳,Concept
肝,BodyPart
肝亢,DiseaseSymptom
鬼节,Concept
桑葚,FoodHerb
滋润生津,Concept
贪恋睡意,DiseaseSymptom
可动牙齿,BodyPart
调节气息,Technique
口中津液,FoodHerb
丹田,BodyPart
雨纷纷,Technique
湿气,DiseaseSymptom
肩腰腿痛,DiseaseSymptom
头昏,DiseaseSymptom
目眩,DiseaseSymptom
低盐饮食,FoodHerb
犯困打瞌睡,DiseaseSymptom
胸胁胀满,DiseaseSymptom
柑橘类,FoodHerb
香蕉,FoodHerb
柠檬,FoodHerb
季春,SolarTerm
天地俱生,Concept
阳炽阴伏,Concept
补肾,Technique
酒,FoodHerb
除百病,DiseaseSymptom
益颜色,DiseaseSymptom
酸味食物,FoodHerb
正虚,Concept
增强体质,Technique
奎塞,BodyPart
肠道,BodyPart
奎塞不畅,DiseaseSymptom
天气变凉,TimeSeason
水蒸气,Concept
鼻炎,DiseaseSymptom
露水,Concept
粳米,FoodHerb
葱白,FoodHerb
香菜,FoodHerb
煮粥,Technique
益气力,Technique
鸿雁来,SolarTerm
元鸟归,SolarTerm
群鸟养羞,SolarTerm
放人粥中,Technique
搅匀,Technique
煮沸,Technique
趁热服食,Technique
春雷初响,Concept
泥土,BodyPart
白天和黑夜均等,Concept
春季九十天的中分点,Concept
春分过后,TimeSeason
气候温和,Concept
阳光明媚,Concept
雨水丰沛,Concept
轻型的中风,DiseaseSymptom
面瘫,DiseaseSymptom
肝气,BodyPart
甜点,FoodHerb
脾的功能,BodyPart
肝气的阴阳平衡状态,Concept
养血,Technique
添精,Technique
解表,Technique
清热,Technique
利水,Technique
泻下,Technique
祛寒,Technique
去风,Technique
燥热,Concept
草木的生长萌芽期,Concept
人体血液,BodyPart
激素水平,Concept
运动养生,Technique
动静适宜,Technique
养情致,Technique
保健康,Concept
静坐养生,Technique
阳气生发,Concept
往外透发,Concept
申时,TimeSeason
香品,FoodHerb
洛阳,OrgLocation
牡丹,FoodHerb
山东,OrgLocation
墙壁,BodyPart
厌蝎符,Technique
毒虫,DiseaseSymptom
艾草,FoodHerb
茶节,Concept
受寒,DiseaseSymptom
困乏,DiseaseSymptom
消化功能,Concept
清明节,SolarTerm
寒食节,SolarTerm
追远,Concept
中国人,Person
灶火,FoodHerb
惩罚,DiseaseSymptom
焚香,Technique
荡秋千,Technique
打马球,Technique
纯天然的香品,FoodHerb
人体循环,Concept
动脉压,Concept
肾,BodyPart
雷雨,DiseaseSymptom
生病,DiseaseSymptom
体重,BodyPart
地气,Concept
天地之气,Concept
植物,FoodHerb
夏气,TimeSeason
外感,DiseaseSymptom
情宜开怀,Concept
暴喜,DiseaseSymptom
篆香,FoodHerb
物候,Concept
飞禽走兽,BodyPart
植物的萌芽,DiseaseSymptom
植物的发叶,DiseaseSymptom
植物的开花,DiseaseSymptom
植物的结果,DiseaseSymptom
植物的叶黄,DiseaseSymptom
植物的叶落,DiseaseSymptom
动物的蛰眠,DiseaseSymptom
动物的复苏,DiseaseSymptom
动物的始鸣,DiseaseSymptom
动物的繁育,DiseaseSymptom
动物的迁徙,DiseaseSymptom
着凉感冒,DiseaseSymptom
高温高湿,Concept
湿热交加,Concept
水分蒸发,Technique
风湿性关节炎,DiseaseSymptom
关节疼痛,DiseaseSymptom
伸屈不利,DiseaseSymptom
肌肤麻木,DiseaseSymptom
水肿,DiseaseSymptom
恶心,DiseaseSymptom
南方地区,OrgLocation
养生文化,Concept
信息可视化设计,Technique
《四季如生》,Source
刘英明,Person
李恒杰,Person
吉林艺术学院,OrgLocation
艺术设计,Discipline
数字媒体艺术研究,Concept
社会,TimeSeason
科技,Concept
工作,Concept
生活,Concept
压力,DiseaseSymptom
健康,Concept
四时变化,Concept
自然节气,Concept
人文养生,Concept
古代的哲学思想,Concept
非物质文化遗产,Concept
民族文化认同感,Concept
毕业设计作品,Other
毕业作品《四季如生》,Other
健康养生,Concept
规律生活,Concept
王志华,Person
李彦知,Person
杨建宇,Person
中国中医药现代远程教育杂志社,Source
长春中医药大学附属医院,OrgLocation
西医,Technique
控制血糖,Technique
胃动力药,FoodHerb
本病,DiseaseSymptom
吉林省榆树市环城医院电诊科,OrgLocation
榆树,OrgLocation
经阴道超声,Technique
输尿管下段结石,DiseaseSymptom
下尿路,BodyPart
子宫,BodyPart
双侧附件,BodyPart
盆腔,BodyPart
宫外孕,DiseaseSymptom
黄体破裂,DiseaseSymptom
急性盆腔炎,DiseaseSymptom
妇科急症,DiseaseSymptom
鉴别诊断,Concept
劳宫,BodyPart
鱼际,BodyPart
合谷,BodyPart
晒背,Technique
背部,BodyPart
阳中之阳,Concept
风寒,DiseaseSymptom
外感性疾病,DiseaseSymptom
呼吸系统,BodyPart
坚果,FoodHerb
辛辣燥热食物,FoodHerb
八段锦,Technique
平和的运动,Concept
后背,BodyPart
紫外线,FoodHerb
吸收,Concept
农历,TimeSeason
骨质疏松,DiseaseSymptom
南回归线,Concept
暖双足,Technique
体寒,DiseaseSymptom
生殖,DiseaseSymptom
足底,BodyPart
足三阳经,BodyPart
足三阴经,BodyPart
《恪遵宪度抄本》,Source
阴极,Concept
日南至,SolarTerm
日短,Concept
日影长,Concept
蚯蚓,BodyPart
脚部,BodyPart
穴位,BodyPart
糜角解,DiseaseSymptom
水泉动,DiseaseSymptom
腰腿痛,DiseaseSymptom
妇女痛经,DiseaseSymptom
土中,BodyPart
脚部保暖,Technique
地面,BodyPart
热量,Concept
辛辣燥热,DiseaseSymptom
气始于冬至,Concept
性味偏温热,Concept
天气较,TimeSeason
不饱和脂肪,FoodHerb
胆固醇,Concept
蛋白质,FoodHerb
矿物质,FoodHerb
维生膝上,Other
抗皱纹功效,Concept
防老抗癌,Concept
御寒,Technique
指导老师,Person
冬至乐趣,Technique
十一月,TimeSeason
《医方类聚》,Source
《疮科通玄论》,Source
成都中医药大学,OrgLocation
成都,OrgLocation
明朝,TimeSeason
疮疡类疾病,DiseaseSymptom
方剂,FoodHerb
冬天,TimeSeason
北国,OrgLocation
补养,Concept
气管炎,DiseaseSymptom
机体调节功能,Concept
升发阳气,Concept
食物,FoodHerb
动风,DiseaseSymptom
鸭子,FoodHerb
黄鳝,FoodHerb
平肝,Concept
湿冷,DiseaseSymptom
胃肠,BodyPart
甘味,Concept
拉肚子,DiseaseSymptom
姜汤,FoodHerb
菜汤,FoodHerb
腹部,BodyPart
保暖,Technique
病毒,DiseaseSymptom
个人体质,Concept
抵抗疾病,Concept
春游,Technique
放风筝,Technique
打太极,Technique
球类运动,Technique
过度疲劳,DiseaseSymptom
充足睡眠,Technique
郊外,OrgLocation
新鲜空气,FoodHerb
调节身心情志,Technique
春季上火了,DiseaseSymptom
芽菜,FoodHerb
种生,Concept
豆芽,FoodHerb
香椿芽,FoodHerb
姜芽,FoodHerb
温补肝阳,Technique
免疫力,DiseaseSymptom
生发性食物,Concept
芥菜,FoodHerb
鸡肝,FoodHerb
鸭血,FoodHerb
芹菜,FoodHerb
青色,Concept
绿色蔬菜,FoodHerb
酸味,Concept
肝功能,BodyPart
春饼,FoodHerb
春盘,FoodHerb
春卷,FoodHerb
韭黄,FoodHerb
豆芽菜,FoodHerb
干粉,FoodHerb
鸡蛋,FoodHerb
面粉,FoodHerb
北平风俗类征岁时,Source
辛辣,FoodHerb
油炸,FoodHerb
烧烤,FoodHerb
三九天,TimeSeason
春寒,DiseaseSymptom
气温忽高忽低,DiseaseSymptom
生活起居,Concept
黄经330度,Concept
气温回升,Concept
冰雪融化,Concept
降水增多,Concept
冬季风,Concept
夏季风,Concept
余寒,DiseaseSymptom
地湿之气,Concept
祛风除湿,Technique
口舌干燥,DiseaseSymptom
嘴唇干裂,DiseaseSymptom
皮肤腠理,BodyPart
室外活动,Technique
室内活动,Technique
锻炼健身球,Technique
下雨,DiseaseSymptom
刮风,DiseaseSymptom
天空晴朗,TimeSeason
阳光灿烂,Concept
心情抑郁,DiseaseSymptom
雨水节气,SolarTerm
交流,Technique
赏花,Technique
悦目,Concept
朝气,Concept
生气,Concept
茼蒿,FoodHerb
春风,Concept
湿润的空气,Concept
温和的阳光,Concept
潇潇细雨,Concept
火锅,FoodHerb
蒜泥,FoodHerb
开水,FoodHerb
凉拌,Technique
榨汁,Technique
熬粥,Technique
相火,Concept
禹锡,Person
气满,DiseaseSymptom
气浊,Concept
健脾养胃,Technique
按摩腹部,Technique
体质虚寒,DiseaseSymptom
本草逢原,Source
花椒,FoodHerb
散寒除湿,Concept
白萝卜,FoodHerb
寒性,Concept
凉性,Concept
元宵节,SolarTerm
团圆,Concept
汤圆,FoodHerb
猜灯谜,Technique
打灯谜,Technique
宋朝,TimeSeason
四肢,BodyPart
气不足,Concept
阳历,TimeSeason
黄经345度,Concept
春雷,FoodHerb
小动物,BodyPart
虫卵,FoodHerb
雷震,Technique
田园人家,OrgLocation
湿润,Concept
大地湿度,Concept
近地面热气,Concept
湿热空气,Concept
零摄氏度,Concept
西南地区,OrgLocation
华南地区,OrgLocation
暖春,Concept
冬春交替时期,TimeSeason
气温变化幅度加大,DiseaseSymptom
气象台,OrgLocation
强冷空气活动,DiseaseSymptom
冷暖变化,DiseaseSymptom
上呼吸道感染,DiseaseSymptom
流感,DiseaseSymptom
节气养生指南,Source
春三月,TimeSeason
发陈,Concept
上肢,BodyPart
上体,BodyPart
含氧的血液,BodyPart
清醒舒适,DiseaseSymptom
清温平淡,Concept
蛋白质丰富的食物,FoodHerb
春笋,FoodHerb
身体体质,Concept
病菌,DiseaseSymptom
植物蛋白质,FoodHerb
芦荟,FoodHerb
水萝卜,FoodHerb
木耳菜,FoodHerb
油菜,FoodHerb
动物脂肪,FoodHerb
烟酒,FoodHerb
厚重口味的饮食,FoodHerb
滋阴清肝,Concept
菊花茶,FoodHerb
燥气,DiseaseSymptom
肝火过旺,DiseaseSymptom
头重脚轻,DiseaseSymptom
流鼻血,DiseaseSymptom
小酒,FoodHerb
天气晴朗,DiseaseSymptom
后背凉,DiseaseSymptom
四肢凉,DiseaseSymptom
精白面,FoodHerb
小麦,FoodHerb
缓摩,Technique
关元穴,BodyPart
温热感,DiseaseSymptom
先天元气,Concept
莼菜汤,FoodHerb
血热,DiseaseSymptom
阳气回升,Concept
蚊虫,DiseaseSymptom
鼠蚁,DiseaseSymptom
苍蝇,DiseaseSymptom
害虫,DiseaseSymptom
莼菜,FoodHerb
豆腐,FoodHerb
碧螺春,FoodHerb
内蒙古,OrgLocation
口干,DiseaseSymptom
舌燥,DiseaseSymptom
外感咳嗽,DiseaseSymptom
户外运动,Technique
高寒山区,OrgLocation
北纬45°以北,OrgLocation
沿江江南地区,OrgLocation
日平均气温,Concept
0℃,Concept
10℃,Concept
4月,TimeSeason
6月,TimeSeason
5月中旬,TimeSeason
7月,TimeSeason
9月,TimeSeason
前汛期,TimeSeason
后汛期,TimeSeason
轻松愉快,DiseaseSymptom
乐观向上,Concept
适当锻炼,Technique
定时睡眠,Technique
调养,Technique
机体功能,Concept
添衣,Technique
寒流,DiseaseSymptom
阴雨连绵,DiseaseSymptom
添减衣物,Technique
下肢,BodyPart
微微出汗,Technique
春令,TimeSeason
豆苗,FoodHerb
蒜苗,FoodHerb
莴苣,FoodHerb
草莓,FoodHerb
樱桃,FoodHerb
青梅,FoodHerb
偏热,Concept
偏寒,Concept
性寒偏凉,DiseaseSymptom
脾气大,DiseaseSymptom
肝火旺,DiseaseSymptom
清火,Concept
黄瓜,FoodHerb
橙子,FoodHerb
激素,Concept
心脏病,DiseaseSymptom
月经失调,DiseaseSymptom
情绪波动,DiseaseSymptom
户外散步,Technique
春菜,FoodHerb
春碧蒿,FoodHerb
岭南,OrgLocation
四邑,OrgLocation
开平,OrgLocation
苍城镇,OrgLocation
谢姓,Person
鱼片,FoodHerb
春汤,FoodHerb
肝肠,BodyPart
肌肤腠理,BodyPart
气候潮湿,DiseaseSymptom
节气解说与气候变化,Concept
黄经15度,Concept
杨柳,FoodHerb
暖风,FoodHerb
明朗清秀,Concept
春播,Technique
呼吸系统疾病,DiseaseSymptom
花粉过敏,DiseaseSymptom
乐观,Concept
早睡早起,Technique
鼻干,DiseaseSymptom
肝火旺盛,DiseaseSymptom
多饮水,Technique
平肝补肾润肺,Technique
健脾扶阳袪湿,Technique
气机,Concept
悲伤,DiseaseSymptom
情绪低落,DiseaseSymptom
抑郁,DiseaseSymptom
精神疾病,DiseaseSymptom
心情,Concept
夜卧早起,Technique
广步于庭,Technique
恢复,Concept
健走,Technique
血脂,FoodHerb
身体代谢能力,Concept
降压,DiseaseSymptom
凉肝明目,Technique
利湿通淋,Technique
止血,DiseaseSymptom
脾湿,DiseaseSymptom
肝气旺盛,Concept
脾胃虚弱,DiseaseSymptom
清明时节,SolarTerm
皮肤腠理疏松,BodyPart
脾胃受困,DiseaseSymptom
运化无力,DiseaseSymptom
清阳无法上升,Concept
湖水,Other
饮食过量,DiseaseSymptom
损伤脾胃,DiseaseSymptom
七、八分饱,Concept
暴饮暴食,DiseaseSymptom
足三里穴,BodyPart
30度,TimeSeason
播种,Technique
百谷生长,Concept
早春二月,TimeSeason
黄河中下游地区,OrgLocation
农作物,FoodHerb
谷子,FoodHerb
水稻,FoodHerb
玉米,FoodHerb
棉花,FoodHerb
长江中下游,OrgLocation
晴天,DiseaseSymptom
蒸发,Concept
风沙,DiseaseSymptom
空气干,DiseaseSymptom
高粱,FoodHerb
冬小麦,FoodHerb
旱象,DiseaseSymptom
沙尘天气,DiseaseSymptom
晴暖,Concept
早晚冷时热,DiseaseSymptom
冷腻食物,FoodHerb
顺应天时,Concept
肝经,BodyPart
风湿病,DiseaseSymptom
心随自然,Concept
光线,Concept
暮春,TimeSeason
抵抗力,Concept
慢性病,DiseaseSymptom
补水,Technique
晨起,TimeSeason
肠胃,BodyPart
降雨增多,DiseaseSymptom
空气中的湿度逐渐加大,DiseaseSymptom
百草回芽、旧病萌发,Concept
春夏之交,TimeSeason
大风天气,DiseaseSymptom
神经系统,BodyPart
紧张,DiseaseSymptom
神经痛,DiseaseSymptom
坐骨神经痛,DiseaseSymptom
三叉神经痛,DiseaseSymptom
肋间神经痛,DiseaseSymptom
北方地区,OrgLocation
杨絮,FoodHerb
脸部红肿,DiseaseSymptom
打喷嚏,DiseaseSymptom
流鼻涕,DiseaseSymptom
过敏体质,DiseaseSymptom
风热感冒,DiseaseSymptom
大椎穴,BodyPart
诸阳之会,Concept
高烧,DiseaseSymptom
发热,DiseaseSymptom
按法,Technique
揉法,Technique
搓摩法,Technique
脊柱全貌,BodyPart
敲打,Technique
胃经,BodyPart
搓揉,Technique
腿部,BodyPart
双向调节,Concept
瘦弱,DiseaseSymptom
肌体丰盈,DiseaseSymptom
脾经,BodyPart
头脑,BodyPart
吃春,FoodHerb
香椿,FoodHerb
香椿炒蛋,FoodHerb
嫩芽,FoodHerb
菜园,OrgLocation
香味,Concept
清脆爽口,DiseaseSymptom
口留余香,DiseaseSymptom
食欲削弱,DiseaseSymptom
凉爽,Concept
开胃,Concept
健胃,Technique
理气,Technique
止泻,Technique
润肤,Technique
抗菌,Technique
消炎,Technique
杀虫,Technique
谷雨节气,SolarTerm
滋味,Concept
烦躁不安,DiseaseSymptom
易怒上火,DiseaseSymptom
正气充足，邪不可干,Concept
酷暑,TimeSeason
精神的调养,Technique
脏腑功能,BodyPart
孟夏,TimeSeason
仲夏,TimeSeason
季夏,TimeSeason
夏天,TimeSeason
18～20℃,Other
百般红紫斗芳菲,Other
绿树浓阴,Other
楼台倒影如池塘,Other
早稻插秧,Technique
大江南北,OrgLocation
收成,DiseaseSymptom
湿害,DiseaseSymptom
病害,DiseaseSymptom
气血瘀滞,DiseaseSymptom
血脉阻滞,DiseaseSymptom
心脏疾病,DiseaseSymptom
初夏,TimeSeason
心态平和,Concept
机体免疫力,Concept
衰老,DiseaseSymptom
足三里,BodyPart
上巨虚穴,BodyPart
下巨虚穴,BodyPart
熟鸡蛋,FoodHerb
丝袋,Other
脖子,BodyPart
蛋类食品,FoodHerb
补心,Concept
生活之圆满,Concept
夏日之平安,Concept
疰夏,DiseaseSymptom
贪凉,DiseaseSymptom
风湿症,DiseaseSymptom
未病先防,Concept
清热利湿,Concept
大麦,FoodHerb
夏收作物,Other
籽粒,BodyPart
降水,Concept
茂盛,Concept
黄河以南到长江中下游地区,OrgLocation
35℃,TimeSeason
干热风,DiseaseSymptom
空气相对湿度,Concept
风速,Concept
小麦粒籽,BodyPart
田坎,BodyPart
田坎干裂,DiseaseSymptom
湿性皮肤病,DiseaseSymptom
五月下旬,TimeSeason
风疹,DiseaseSymptom
着凉受湿,DiseaseSymptom
夏熟作物,Concept
灌浆饱满,Concept
大满,Concept
睡觉,Technique
降雨,DiseaseSymptom
温差,Concept
妇科炎症,DiseaseSymptom
运湿,Technique
杯盘碗筷,BodyPart
果蔬,FoodHerb
小妙招,Technique
美味汤,FoodHerb
大便不痛快,DiseaseSymptom
头发,BodyPart
脸上,BodyPart
冒油,DiseaseSymptom
胸闷,DiseaseSymptom
嗓子有痰,DiseaseSymptom
身体困倦,DiseaseSymptom
美容,Concept
减肥,DiseaseSymptom
消肿,DiseaseSymptom
祛湿利水,Technique
熬汤,Technique
全家人,Other
男士,Person
女士,Person
保养,Concept
美容佳品,Concept
脾胃运化功能,Concept
汤品,FoodHerb
闷热潮湿,DiseaseSymptom
生活习惯,Concept
苦菜,FoodHerb
春风吹,Concept
荒滩野地,OrgLocation
粮仓,OrgLocation
野菊,FoodHerb
《周书》,Source
锯齿,BodyPart
苦中带涩,DiseaseSymptom
白色乳汁,FoodHerb
苦味食物,FoodHerb
解暑,Technique
解乏,Technique
消疲,Technique
天气阴雨连绵,DiseaseSymptom
清洁卫生,Technique
传染性疾病,DiseaseSymptom
休息,Technique
体力,Concept
黄经75度,Concept
晚谷,FoodHerb
雨期较长的连绵阴雨天气,DiseaseSymptom
梅雨,Concept
阴雨,DiseaseSymptom
温高湿大,Concept
大旱,DiseaseSymptom
发霉,DiseaseSymptom
霉雨,SolarTerm
华南,OrgLocation
湖南,OrgLocation
江西,OrgLocation
浙江,OrgLocation
中部,OrgLocation
南部,OrgLocation
大暴雨,DiseaseSymptom
山洪,DiseaseSymptom
泥石流,DiseaseSymptom
山区,BodyPart
湿度,TimeSeason
汗液,BodyPart
热蒸湿动,Concept
四肢困倦,DiseaseSymptom
萎靡不振,DiseaseSymptom
腮腺炎,DiseaseSymptom
长江中下游地区,OrgLocation
黄梅时节,TimeSeason
阳光照射,Technique
防暑,Technique
阳气充盛,Concept
中午小憩,Technique
午时,TimeSeason
衣衫,BodyPart
个人及环境卫生,Concept
阳热,Concept
出汗时,Technique
《圣济总录》,Source
痤痱,DiseaseSymptom
热盛,Concept
寒水,FoodHerb
洗浴,Technique
热气,Concept
皮腠,BodyPart
祛湿,Technique
精神状态,Concept
走路要人牵,Technique
牵的要人拉,Technique
拉的要人推,Technique
气候开始炎热,DiseaseSymptom
消耗体力,DiseaseSymptom
精神保持轻松,DiseaseSymptom
愉快的状态,DiseaseSymptom
补充水分,Technique
五枝汤,Technique
槐枝,FoodHerb
桃枝,FoodHerb
柳枝,FoodHerb
桑枝,FoodHerb
麻叶,FoodHerb
纱布,Other
清水,FoodHerb
20分钟,TimeSeason
电视,FoodHerb
音乐,FoodHerb
煮梅,Technique
酸梅,FoodHerb
梅子,FoodHerb
夏朝,TimeSeason
晒干的青梅,FoodHerb
阳盛于外,Concept
保护阳气,Technique
懈怠厌倦,DiseaseSymptom
恼怒忧郁,DiseaseSymptom
暑易伤气,Concept
天气炎热,TimeSeason
偷闲消夏,Technique
饮食补养,FoodHerb
神清气和,Concept
心胸宽阔,Concept
精神饱满,Concept
对外界事物要有浓厚的兴趣,Concept
乐观外向的性格,Concept
气机的通泄,Concept
生理,Concept
生态,Concept
需水,Concept
农业产量,DiseaseSymptom
雷阵雨,DiseaseSymptom
对流天气,Concept
强降水,DiseaseSymptom
局地灾害,DiseaseSymptom
华南西部,OrgLocation
雨水量,DiseaseSymptom
防洪准备,Technique
华南东部,OrgLocation
副热带高压,Concept
伏旱,DiseaseSymptom
三伏,TimeSeason
七月中旬,TimeSeason
八月中旬,TimeSeason
暑热天气,DiseaseSymptom
酷热难当,DiseaseSymptom
阴凉,Concept
厚味肥腻之品,FoodHerb
化热生风,DiseaseSymptom
疔疮之疾,DiseaseSymptom
固表,Technique
咸味,FoodHerb
味苦之物,FoodHerb
助心气,Technique
制肺气,Technique
调整情绪,Technique
倦怠,DiseaseSymptom
被子,FoodHerb
床垫,FoodHerb
沙发靠垫,FoodHerb
开窗,Technique
通风,Technique
透光,Technique
中冲,BodyPart
阴津,Concept
心火,Concept
热中风,DiseaseSymptom
桃李瓜藕,FoodHerb
凉粉,FoodHerb
面条,FoodHerb
凉面,FoodHerb
过水面,Technique
防暑降温,DiseaseSymptom
胶州,OrgLocation
入伏面,FoodHerb
生菜,FoodHerb
降火,DiseaseSymptom
气候炎热,TimeSeason
日月运行,Concept
30℃,Other
热浪,DiseaseSymptom
淮河,OrgLocation
秦岭,OrgLocation
锋面雷雨,DiseaseSymptom
黄梅,Concept
春夏养阳,Concept
消化,Concept
食欲减退,DiseaseSymptom
时令瓜果蔬菜,FoodHerb
头伏,TimeSeason
饺子,FoodHerb
烙饼,FoodHerb
摊鸡蛋,FoodHerb
毒素,DiseaseSymptom
荷叶,FoodHerb
薏米,FoodHerb
泽泻,FoodHerb
消暑汤,FoodHerb
夏日养生,Concept
身心健康的危害,DiseaseSymptom
老年体弱者,Person
情绪障碍,DiseaseSymptom
情志愉快,Technique
不发怒,Technique
爬山,Technique
防中暑,Technique
强烈阳光照射,DiseaseSymptom
红外线,Concept
调节体温,Concept
外界气温高,TimeSeason
空气湿度大,TimeSeason
汗液蒸发困难,DiseaseSymptom
体内热量积蓄,DiseaseSymptom
出汗过多,DiseaseSymptom
水和盐大量排出,DiseaseSymptom
小肠经,BodyPart
颧骨,BodyPart
斑点,DiseaseSymptom
鱼尾纹,DiseaseSymptom
口疮,DiseaseSymptom
咽痛,DiseaseSymptom
耳聋,DiseaseSymptom
耳鸣,DiseaseSymptom
听力下降,DiseaseSymptom
承山,BodyPart
丰隆,BodyPart
化痰,Technique
眼睑,BodyPart
浮肿,DiseaseSymptom
蜜汁藕,FoodHerb
绿豆芽,FoodHerb
解热防暑,DiseaseSymptom
补充体力,Technique
黄经度,Concept
斗指丙,Concept
天气甚烈,DiseaseSymptom
辐射热,Concept
中伏,TimeSeason
全国,OrgLocation
一年中,TimeSeason
hottest,Concept
冷在三九,Concept
热在中伏,Concept
古书,Source
物极必反,Concept
东北北部,OrgLocation
高温,DiseaseSymptom
40℃,TimeSeason
火焰山,OrgLocation
酷热,DiseaseSymptom
五谷不结,DiseaseSymptom
稻在田里热了笑,Concept
人在屋里热了跳,Concept
雨如银,Concept
雨如金,Concept
夏季午后,TimeSeason
西北雨,Concept
冬病夏治,Concept
慢性疾病,DiseaseSymptom
晚上,TimeSeason
纳凉,Technique
直吹取凉,Technique
乏累,DiseaseSymptom
剧烈的运动,Technique
桑拿天,DiseaseSymptom
闷热天气,DiseaseSymptom
中老年人,Person
慢性病史,DiseaseSymptom
体力消耗过大的运动项目,Technique
夏日炎炎,Concept
酷暑难忍,DiseaseSymptom
热不可耐,DiseaseSymptom
茯苓,FoodHerb
暑湿,DiseaseSymptom
李时珍,Person
自然养生,Concept
谷气,Concept
支气管哮喘,DiseaseSymptom
海鲜,FoodHerb
寒凉东西,FoodHerb
稀饭,FoodHerb
淡茶,FoodHerb
果汁,FoodHerb
茅根,FoodHerb
荸荠,FoodHerb
番茄,FoodHerb
预防中暑,Technique
暖胃驱寒,Technique
胃口大开,Technique
大暑小暑，热死老鼠,Concept
厌食,DiseaseSymptom
冰水,FoodHerb
胃口,BodyPart
仙草,FoodHerb
广东,OrgLocation
凉粉草,FoodHerb
清暑解热,Concept
《本草纲目》,Source
丹毒,DiseaseSymptom
台湾地区,OrgLocation
凤梨,FoodHerb
败火,Concept
旺来,Other
福建,OrgLocation
莆田,OrgLocation
荔枝,FoodHerb
米糟,FoodHerb
糯米饭,FoodHerb
白米曲,FoodHerb
醪糟,FoodHerb
红糖,FoodHerb
元气,Concept
苦夏,DiseaseSymptom
闷热感,DiseaseSymptom
天气逐渐凉爽,Concept
气温的早晚温差,Concept
秋前秋后一场雨,Concept
白露前后一场风,Concept
立秋下雨人欢乐,Concept
处暑下雨万人愁,Concept
候平均温度,Concept
22℃,Other
江淮地区,OrgLocation
九月,TimeSeason
祛病延年,Concept
日常起居,Concept
睡眠时间,Concept
空气,BodyPart
湿度小,Concept
皮肤干燥,DiseaseSymptom
机体水分,Concept
汤粥,FoodHerb
清淡进补,Concept
乏力,DiseaseSymptom
呆滞,DiseaseSymptom
凉爽舒怡,Concept
呼吸操,Technique
快走,Technique
肺活量,BodyPart
慢性呼吸病,DiseaseSymptom
肺功能,BodyPart
深沉而缓慢的呼吸,Technique
体质虚弱者,Person
慢性病患者,Person
香薷,FoodHerb
香薷饮,FoodHerb
湿热之气,DiseaseSymptom
白扁豆,FoodHerb
厚朴,FoodHerb
健脾胃,Technique
阴虚火旺,DiseaseSymptom
口干咽燥,DiseaseSymptom
老年肾虚,DiseaseSymptom
小便过多,DiseaseSymptom
尿频遗尿,DiseaseSymptom
芡实,FoodHerb
豇豆,FoodHerb
小米,FoodHerb
生冷食物,DiseaseSymptom
脾阳,BodyPart
香瓜,FoodHerb
脾俞,BodyPart
化湿,Concept
和胃,Concept
补中益气,Concept
通经活络,Concept
少辛增酸,Technique
鸭蛋,FoodHerb
燥邪,DiseaseSymptom
阴液,BodyPart
葡萄,FoodHerb
喝水,FoodHerb
通便润肠,Concept
胃酸,BodyPart
胃酸过多,DiseaseSymptom
痰热咳嗽,DiseaseSymptom
胸闷咳喘,DiseaseSymptom
酸性太大,Concept
少辛,Concept
辛辣的食物,FoodHerb
肺部,BodyPart
身体凉了,DiseaseSymptom
入秋后,TimeSeason
辣椒,FoodHerb
生姜,FoodHerb
烧烤食物,FoodHerb
长夏,TimeSeason
升补,Technique
清补,Technique
淡补,Technique
平补,Technique
温补,Technique
兔肉,FoodHerb
海参,FoodHerb
滋阴养肺,Concept
润燥止干,DiseaseSymptom
清心安神,Concept
莲藕排骨汤,FoodHerb
抱膝滚动,Technique
腰背酸疼,DiseaseSymptom
全身不得劲,DiseaseSymptom
膀胱经,BodyPart
肾经,BodyPart
精神不好,DiseaseSymptom
记忆力下降,DiseaseSymptom
干什么都没劲儿,DiseaseSymptom
肾气不足,DiseaseSymptom
抱膝滚动式体操,Technique
肾虚,DiseaseSymptom
肾阳,BodyPart
啃秋,FoodHerb
健康度春,Concept
立秋时节,TimeSeason
咬春,Technique
咬秋,Technique
丰收,Concept
夏日,TimeSeason
甜瓜,FoodHerb
秋痱子,DiseaseSymptom
江苏,OrgLocation
天津,OrgLocation
暑天,DiseaseSymptom
东北,OrgLocation
华北,OrgLocation
西北,OrgLocation
雨季,TimeSeason
疾风暴雨,DiseaseSymptom
洪水,DiseaseSymptom
地质灾害,DiseaseSymptom
气温变化,Concept
身体健康,Concept
疲惫感,DiseaseSymptom
人体节律,Concept
熬夜,DiseaseSymptom
优质蛋白质,FoodHerb
乳制品,FoodHerb
蔬菜水果,FoodHerb
辛辣烧烤类食物,FoodHerb
油腻食物,FoodHerb
情绪平静,DiseaseSymptom
阴阳之气,Concept
云彩,FoodHerb
七月八月,TimeSeason
巧云,Concept
出游,Technique
迎秋赏景,Technique
打通三关,Technique
头昏眼花,DiseaseSymptom
视力下降,DiseaseSymptom
胃口不好,DiseaseSymptom
身体亏虚,DiseaseSymptom
八髎穴,BodyPart
腰背酸痛,DiseaseSymptom
妇科,BodyPart
活血,Technique
化瘀,Technique
五味入五脏,Concept
五色入五脏,Concept
红入心,Concept
青入肝,Concept
白入肺,Concept
黑入肾,Concept
黄入脾,Concept
黄色的东西,FoodHerb
粥食,FoodHerb
伏夏,SolarTerm
南瓜粥,FoodHerb
处暑百合鸭,FoodHerb
陈皮,FoodHerb
养肺生津,Concept
高血脂,DiseaseSymptom
暖空气,BodyPart
气温下降,DiseaseSymptom
着凉,DiseaseSymptom
白天,TimeSeason
赤膊,BodyPart
165度,Other
秋分夜,SolarTerm
南下,Other
白露节,SolarTerm
夜寒,DiseaseSymptom
日里热,DiseaseSymptom
白露节气,SolarTerm
露身,DiseaseSymptom
降水减少,Concept
第一场秋雨,Concept
台风,Concept
冷暖空气,Concept
低温连阴雨,DiseaseSymptom
秋季作物生长,Concept
连阴雨天,DiseaseSymptom
秋旱,DiseaseSymptom
森林火险,DiseaseSymptom
春旱,DiseaseSymptom
秋冻,Technique
肺疾,DiseaseSymptom
寒意,DiseaseSymptom
秋寒,DiseaseSymptom
窗户,OrgLocation
长袖衣,FoodHerb
薄棉被,FoodHerb
病老体弱者,Person
寒从脚下起,Concept
北方人,Person
耐寒力差,Concept
病毒感染,DiseaseSymptom
燥则润之,Concept
茭白,FoodHerb
南瓜,FoodHerb
桂圆,FoodHerb
黑芝麻,FoodHerb
唇干,DiseaseSymptom
大便干结,DiseaseSymptom
皮肤干裂,DiseaseSymptom
宣肺化痰,Concept
滋阴益气,Concept
杏仁,FoodHerb
斗蟋蟀,Technique
当代,TimeSeason
蟋蟀,FoodHerb
鼻子保健操,Technique
右手食指,BodyPart
鼻根部,BodyPart
鼻梁,BodyPart
鼻翼两侧,BodyPart
拇指,BodyPart
食指,BodyPart
捏紧,Technique
松开,Technique
鼻子,BodyPart
拍打,Technique
深呼吸运动,Technique
鼻部按摩,Technique
鼻部血管,BodyPart
人中穴,BodyPart
四白穴,BodyPart
睛明穴,BodyPart
调节气血,Concept
神经衰弱,DiseaseSymptom
脑动脉硬化,DiseaseSymptom
嗅觉迟钝,DiseaseSymptom
生理盐水,FoodHerb
致病菌,DiseaseSymptom
污垢,DiseaseSymptom
自我排毒功能,Concept
脚部体操,Technique
肾气,BodyPart
收藏,Concept
快速改善,Concept
龙眼,FoodHerb
福州,OrgLocation
白露必吃龙眼,Technique
大补身体,Concept
一颗龙眼,FoodHerb
一只鸡,FoodHerb
补脾,Concept
养血安神,Concept
润肤美容,Concept
米酒,FoodHerb
糯米,FoodHerb
五谷,FoodHerb
白露米酒,FoodHerb
程酒,FoodHerb
程江水,FoodHerb
千里酒,FoodHerb
桂阳,OrgLocation
程乡,OrgLocation
苏浙,OrgLocation
《水经注》,Source
醉行千里却酒不醒,DiseaseSymptom
后劲,Concept
温燥,DiseaseSymptom
凉燥,DiseaseSymptom
机体反应,Concept
温燥咳嗽,DiseaseSymptom
凉燥咳嗽,DiseaseSymptom
昼夜平分,Concept
夏令时节,TimeSeason
太阳直射,Concept
秋雨,DiseaseSymptom
热带气旋,Concept
降雨日数,Concept
河湖,BodyPart
水位,Concept
干涸,DiseaseSymptom
海南岛,OrgLocation
大风灾害,DiseaseSymptom
土壤保墒,Concept
干旱少雨,DiseaseSymptom
连绵阴雨,DiseaseSymptom
三秋,Concept
早霜冻,DiseaseSymptom
连阴雨,DiseaseSymptom
秋收作物,FoodHerb
寒冷刺激,DiseaseSymptom
旧患,DiseaseSymptom
心衰,DiseaseSymptom
心慌,DiseaseSymptom
忧愁,DiseaseSymptom
敏感多疑,DiseaseSymptom
胃部,BodyPart
秋风,Concept
胃肠道,BodyPart
反酸,DiseaseSymptom
腹胀,DiseaseSymptom
生活规律,Other
叩齿养生法,Technique
咬牙,Technique
牙齿,BodyPart
脸部肌肉,BodyPart
唾液,FoodHerb
吞咽,Technique
阴虚火热,DiseaseSymptom
精力,BodyPart
八九十岁,TimeSeason
口渴,DiseaseSymptom
声哑,DiseaseSymptom
干咳,DiseaseSymptom
咯血,DiseaseSymptom
秋燥邪气,Concept
肺脏,BodyPart
生食,Technique
熟食,Technique
脾胃虚寒,DiseaseSymptom
进食不化,DiseaseSymptom
体质虚弱,DiseaseSymptom
破气,Concept
生熟地,FoodHerb
何首乌,FoodHerb
补药,Concept
产气较多,Concept
溃疡病,DiseaseSymptom
防治,Technique
养肺补水,Technique
肌肤水汪汪,DiseaseSymptom
水上之源,Concept
肺主皮毛,Concept
肺热,DiseaseSymptom
肺燥,DiseaseSymptom
肢体末端的皮肤,BodyPart
皮肤水嫩,Concept
皮肤光滑,Concept
蒜,FoodHerb
胡椒,FoodHerb
肥腻食物,FoodHerb
秋菜,FoodHerb
野苋菜,FoodHerb
秋碧蒿,FoodHerb
节气解说,Concept
斗指寒甲,Concept
露寒而冷,DiseaseSymptom
凝结,Concept
南岭,OrgLocation
月上旬末,TimeSeason
太阳热量,Concept
露珠,FoodHerb
霜冻,DiseaseSymptom
深秋,TimeSeason
白云,BodyPart
红叶,FoodHerb
秋意,Concept
8～10℃,TimeSeason
新疆北部,OrgLocation
冷高压,Concept
昼暖夜凉,DiseaseSymptom
晴空万里,DiseaseSymptom
云南,OrgLocation
四川,OrgLocation
贵州,OrgLocation
西北地区,OrgLocation
10月份,TimeSeason
高原地区,OrgLocation
雪害,DiseaseSymptom
热与冷交替,Concept
生理活动,Concept
饮食起居,Technique
天气干燥,DiseaseSymptom
鼻燥,DiseaseSymptom
豆类,FoodHerb
菌类,FoodHerb
海带,FoodHerb
紫菜,FoodHerb
补脾胃,Concept
养肺润肠,Concept
乐观豁达,Concept
宣泄积郁之情,Technique
体育锻炼,Technique
公园湖滨,OrgLocation
荒郊野外,OrgLocation
出游赏菊,Technique
抗病力,Concept
更衣,Technique
老年慢性支气管炎,DiseaseSymptom
哮喘病,DiseaseSymptom
急性发作,DiseaseSymptom
老年肺炎,DiseaseSymptom
90%以上,Other
此节气,TimeSeason
脑血栓,DiseaseSymptom
天气变冷,DiseaseSymptom
睡眠时间增多,DiseaseSymptom
血流速度,BodyPart
《素问·四气调神大论》,Source
秋三月,TimeSeason
与鸡俱兴,Technique
分时调养,Technique
天气渐凉,TimeSeason
慢性气管炎,DiseaseSymptom
风寒湿痹,DiseaseSymptom
足部,BodyPart
散热,Concept
冰凉,DiseaseSymptom
用热水泡脚,Technique
热水,FoodHerb
脸盆,OrgLocation
热水瓶,OrgLocation
双足,BodyPart
水温,Concept
泡脚,Technique
全身,BodyPart
长途跋涉,TimeSeason
足疗,Technique
春夏,TimeSeason
秋冬,TimeSeason
养阳,Concept
养阴,Concept
阴经,Concept
螃蟹,FoodHerb
南京,OrgLocation
菊黄,FoodHerb
蟹脚,BodyPart
母蟹,FoodHerb
肥蟹,FoodHerb
胃痛,DiseaseSymptom
慢性肾炎,DiseaseSymptom
十二指肠溃疡,DiseaseSymptom
胆囊炎,DiseaseSymptom
胆结石,DiseaseSymptom
肝炎,DiseaseSymptom
脾脏,BodyPart
十二指肠溃疡病,DiseaseSymptom
白霜,DiseaseSymptom
树叶,BodyPart
枯黄,DiseaseSymptom
飘落,DiseaseSymptom
二十四节气解,Source
天气逐渐变冷,DiseaseSymptom
降霜,DiseaseSymptom
早霜,Concept
初霜,Concept
晚霜,Concept
终霜,Concept
草叶,BodyPart
大秋作物,DiseaseSymptom
冬前弱苗,DiseaseSymptom
冻害,DiseaseSymptom
高山,OrgLocation
平原,OrgLocation
生育期,Concept
秋补,Technique
补霜降,Technique
秋末,TimeSeason
生津润燥,Concept
宣肺止咳,Technique
苹果,FoodHerb
橄榄,FoodHerb
洋葱,FoodHerb
皮肤粗糙,DiseaseSymptom
脾胃虚弱者,DiseaseSymptom
温热食物,FoodHerb
汤类,FoodHerb
粥类,FoodHerb
护胃,Technique
秋冬过渡之际,TimeSeason
倒行,Technique
倒立,Technique
爬行,Technique
脚饥饿长啸,Technique
冷水浴,Technique
器官,BodyPart
部位,BodyPart
温胃散寒,Technique
甘蓝,FoodHerb
红薯,FoodHerb
冰棍,FoodHerb
冰淇淋,FoodHerb
冰可乐,FoodHerb
冰啤酒,FoodHerb
生梨,FoodHerb
寒痰,DiseaseSymptom
脾是生痰之源，肺是储痰之器,Concept
健脾补肾,Concept
养胃止泻,Concept
宋代,TimeSeason
苏轼,Person
不开,DiseaseSymptom
泉州,OrgLocation
闽南人,Person
藏阳,Technique
藏精,Technique
养精,Technique
蓄锐,Technique
来春,TimeSeason
黄经225度,Concept
建立,Concept
开始,Concept
《说文解字》,Source
万物收藏,Concept
南北温差,Concept
华北中南部,OrgLocation
黄淮,OrgLocation
城里的树,BodyPart
光杆,DiseaseSymptom
北方山口地区,OrgLocation
南方的江湖河面,OrgLocation
东南沿海,OrgLocation
台湾海峡,OrgLocation
雨夹雪,FoodHerb
冰粒,FoodHerb
强冷空气,Concept
东北地区,OrgLocation
农林作物,BodyPart
越冬期,Concept
晚茬冬麦,FoodHerb
立冬种麦,Technique
水分条件,Concept
苗期生长,Concept
适量运动,Technique
抗御能力,Concept
高热量食品,FoodHerb
脂肪,FoodHerb
分解代谢,Concept
晒太阳,Technique
负日之暄,Technique
背日光而坐,Technique
脊梁,BodyPart
老老恒言,Source
腹式呼吸,Technique
疲劳感,DiseaseSymptom
睡眠质量,Concept
香菇,FoodHerb
性平味甘,Concept
和胃益肾,DiseaseSymptom
补气健脾,DiseaseSymptom
多糖成分,FoodHerb
癌毒素,DiseaseSymptom
免疫系统,BodyPart
蘑菇皇后,Concept
双脚分一分,Technique
火力,Concept
阳气潜藏,Concept
消化器官,BodyPart
代谢器官,BodyPart
防御器官,BodyPart
生命之本,Concept
肝肾,BodyPart
强筋,Technique
强骨,Technique
顾禄,Person
《清嘉录》,Source
秋露白,FoodHerb
杜茅柴,FoodHerb
靠壁清,FoodHerb
竹叶清,FoodHerb
草药,FoodHerb
冬酿酒,FoodHerb
乡田人家,Person
山村,OrgLocation
雪花,FoodHerb
中原地区,OrgLocation
降水形式,Concept
地寒,Concept
湿雪,FoodHerb
米雪,FoodHerb
南方地区北部,OrgLocation
大巴山,OrgLocation
冬暖,Concept
全年,TimeSeason
降雪日,DiseaseSymptom
近地面层气,Concept
积雪,DiseaseSymptom
降雪,DiseaseSymptom
西北高原,OrgLocation
常年是月,TimeSeason
小雪节气,SolarTerm
天气更冷,DiseaseSymptom
阴冷的天,DiseaseSymptom
身心健康,Concept
寒冷的冬天,TimeSeason
西北风,TimeSeason
室内,OrgLocation
室外,OrgLocation
供暖,Technique
穿得过于严实,Technique
内火,DiseaseSymptom
脸上的疙瘩,DiseaseSymptom
大骨冬瓜汤,FoodHerb
黄氏枸杞鸡汤,FoodHerb
地瓜姜汤,FoodHerb
羊肉白萝卜汤,FoodHerb
阳经,Concept
帽子,FoodHerb
日出后,TimeSeason
午后,TimeSeason
生理功能,Concept
脑部,BodyPart
自主神经功能,Concept
紊乱,DiseaseSymptom
冬季情感,DiseaseSymptom
调养身体,Technique
减轻压力,Technique
放松心情,Technique
情志不舒,DiseaseSymptom
开怀支着,Technique
寒冷天气,Concept
阴冷晦暗,Concept
高热量,Concept
健脑,Concept
牛肉,FoodHerb
鱼类,FoodHerb
乳类,FoodHerb
茶水,FoodHerb
咖啡,FoodHerb
十月朝,SolarTerm
糍粑,FoodHerb
节日祭品,Other
农民,Person
牛神,Person
温热,Concept
肺火,DiseaseSymptom
扁桃腺,BodyPart
口腔黏膜,BodyPart
炎症,DiseaseSymptom
便秘,DiseaseSymptom
寒季,TimeSeason
封藏,Technique
消耗,DiseaseSymptom
不熬夜,Technique
不做剧烈运动,Technique
不大喜大悲,Technique
精神内守,Technique
深冬,TimeSeason
寒冬,TimeSeason
偏北风,BodyPart
暖气流,Concept
隆冬时节,TimeSeason
冰冻,DiseaseSymptom
篮装水不漏,Technique
调饮食,Technique
练形体,Technique
慎房事,Technique
适温寒,Technique
食补,Technique
一年不受寒,DiseaseSymptom
碳水化合物,FoodHerb
能量,Concept
体内,BodyPart
寒风,DiseaseSymptom
降温,TimeSeason
运动锻炼,Technique
准备活动,Technique
外衣,BodyPart
干燥衣服,FoodHerb
堆雪人,Technique
溜冰,Technique
滑雪,Technique
滚雪球,Technique
银装素裹,Concept
自我按摩,Technique
肚脐,BodyPart
手掌掌心,BodyPart
50下,Other
通便排毒,DiseaseSymptom
腌菜,FoodHerb
腌肉,FoodHerb
咸货,FoodHerb
大盐,FoodHerb
八角,FoodHerb
桂皮,FoodHerb
白糖,FoodHerb
石头,FoodHerb
阴凉背光的地方,OrgLocation
寒冬季,TimeSeason
冬节,SolarTerm
长至节,SolarTerm
亚岁,SolarTerm
春秋时代,TimeSeason
阳历12月21日至23日之间,TimeSeason
太阳直射南回归线,Concept
冬至线,Concept
白天最短,DiseaseSymptom
黑夜最长,DiseaseSymptom
冬至一阳生,Concept
八十一天,TimeSeason
一九二九不出手,TimeSeason
三九四九冰上走,TimeSeason
五九六九沿河看柳,TimeSeason
七九河开,TimeSeason
八九燕来,TimeSeason
九九加一九，耕牛遍地走,TimeSeason
防寒意识,Concept
出九,TimeSeason
夏秋,TimeSeason
数九天气,TimeSeason
千里冰封,DiseaseSymptom
琼装玉琢,Concept
花香鸟语,DiseaseSymptom
满目春光,Concept
阴阳转换,Concept
三春,TimeSeason
运化,Concept
食材,FoodHerb
热能,Concept
肉类,FoodHerb
夜间睡眠,Technique
午饭后,TimeSeason
打盹,Technique
防风防寒,Technique
多穿衣服,Technique
阳气不足,DiseaseSymptom
门窗,BodyPart
卧室,OrgLocation
卫气,Concept
流动的空气,FoodHerb
身体表面,BodyPart
循环,Concept
淘干,DiseaseSymptom
夏病冬疗,Technique
穴位贴敷,Technique
针灸,Technique
内服药物,Technique
冬令进补,Technique
腧穴,BodyPart
夏病冬治,Concept
阳气敛藏,Concept
气血不畅,DiseaseSymptom
毛孔闭塞,DiseaseSymptom
贴敷,Technique
四时特性,Concept
内病外治,Concept
滋补五脏,Concept
下气调中,Concept
润肠通便,Concept
产妇,Person
脑外伤后遗症,DiseaseSymptom
降压菜,FoodHerb
十月一,SolarTerm
水饺,FoodHerb
安耳朵,DiseaseSymptom
耳朵,BodyPart
隆冬,TimeSeason
声势,Concept
寒性凝滞,Concept
寒性收引,Concept
关节痛,DiseaseSymptom
颈椎病,DiseaseSymptom
黄经285度,Concept
一年中最寒冷的日子,DiseaseSymptom
冷成冰团,DiseaseSymptom
严寒期,Concept
小寒、大寒冻作一团,DiseaseSymptom
街上走走，金钱丢手,DiseaseSymptom
干冷,DiseaseSymptom
冷气积久而寒,Concept
雨雪,FoodHerb
田地,BodyPart
干旱,DiseaseSymptom
开裂,DiseaseSymptom
阴冷干燥,DiseaseSymptom
寒意逼人,DiseaseSymptom
合理锻炼,Technique
调理起居,Technique
阴盛,Concept
阳衰,Concept
寒冷气候,DiseaseSymptom
耐受寒冷的能力,Concept
防御,Concept
身体锻炼,Technique
做操,Technique
个人身体情况,BodyPart
方式方法,Concept
老中医,Person
中药房,OrgLocation
膏方,FoodHerb
春节,TimeSeason
肝主疏泄,Concept
胆主升阳,Concept
胆经,BodyPart
大腿,BodyPart
外侧,BodyPart
外裤线,BodyPart
清热化痰,Concept
口鼻干燥,DiseaseSymptom
热汤,FoodHerb
白菜豆腐汤,FoodHerb
菠菜豆腐汤,FoodHerb
白菜,FoodHerb
清火降气,Concept
消食,Concept
腊八粥,FoodHerb
腊月,TimeSeason
节气习俗,Concept
黄经300度,Concept
冰天雪地,DiseaseSymptom
寒风凛冽,DiseaseSymptom
寒潮南下,TimeSeason
风大,DiseaseSymptom
地面积雪不化,DiseaseSymptom
大地回春,Concept
冷而不干,DiseaseSymptom
除旧饰新,Technique
年货,FoodHerb
大寒节气,SolarTerm
小寒大寒，冷成一团,Concept
全年最低气温,DiseaseSymptom
雨雪天气,DiseaseSymptom
牲畜,BodyPart
农  作物防寒,Technique
南方大部分地区,OrgLocation
华南大部分地区,OrgLocation
西北高原山地,OrgLocation
农田,OrgLocation
水分供求矛盾,Concept
苦寒勿怨天雨雪，雪来遗到明年麦,Concept
空气质量和室外气温,Other
天气严寒,DiseaseSymptom
新陈代谢减慢,DiseaseSymptom
皮肤血管收缩,BodyPart
散热减少,DiseaseSymptom
大葱,FoodHerb
饮酒,DiseaseSymptom
菜花,FoodHerb
肌肉萎缩,DiseaseSymptom
动作缓慢,DiseaseSymptom
冬装,Other
暖气,FoodHerb
洒水,Technique
空气中的湿度,Concept
扫尘,Technique
过年,TimeSeason
房屋,BodyPart
锅碗,BodyPart
平安健康,DiseaseSymptom
枸杞红枣茶,FoodHerb
黄褐斑,DiseaseSymptom
舌头,BodyPart
弹舌,Technique
养心健脑,Concept
中年人,TimeSeason
思维活动,Concept
理解力,Concept
记忆力,Concept
脑细胞萎缩退化,DiseaseSymptom
身体机能,Concept
寿命,Concept
健脑护脑,Concept
唾液腺,BodyPart
咽下,Technique
舌头运动,Technique
健脑降压,Concept
耳朵运动按摩法,Technique
手掌心,BodyPart
耳的正面,BodyPart
耳朵背面,BodyPart
肾脏,BodyPart
全身脏器,BodyPart
5～6次,TimeSeason
春瘟,DiseaseSymptom
煎炒油炸的食物,FoodHerb
发物,FoodHerb
肺肝,BodyPart
田园八段锦,Technique
增强,Concept
花开朗秀,Technique
防哮喘,DiseaseSymptom
过敏性哮喘,DiseaseSymptom
草木吐绿,Concept
百花竞放,Concept
花粉,FoodHerb
呼吸道感染,DiseaseSymptom
夜温差较大,DiseaseSymptom
上清下明,Concept
桐始华,Technique
田鼠化,Technique
及时增减衣物,Technique
刺激性,Concept
疾病,DiseaseSymptom
旧病宿,DiseaseSymptom
春耕,Technique
养生要点,Concept
特殊体质,Concept
流脑,DiseaseSymptom
痄腮,DiseaseSymptom
心血管,BodyPart
起居养生,Technique
肝木,Concept
脾土,BodyPart
情绪失调,DiseaseSymptom
气差,DiseaseSymptom
血,BodyPart
运行,Concept
发毒,Concept
助火,Concept
助邪,Concept
防御功能,Concept
感染,DiseaseSymptom
带鱼,FoodHerb
多食养肝之品,FoodHerb
动物血,FoodHerb
时节,TimeSeason
第三式,Technique
精气神,Concept
春日,TimeSeason
身心,BodyPart
焦虑症,DiseaseSymptom
身体潜能,Concept
中医药获奖项目论文,Other
中医药科研成果,Concept
中医药科技创新,Concept
中医药继续发展,Concept
中医药科技成果生产力转化,Concept
中医药推广应用,Concept
中医药远程教育学子,Other
中医药继续教育学员,Other
本刊,Source
养肝,Technique
防疫,DiseaseSymptom
晚睡,DiseaseSymptom
防春寒,DiseaseSymptom
制怒,Technique
怡情,Technique
寡欲,Technique
冬衣,FoodHerb
天气乍暖还寒,DiseaseSymptom
细菌病,DiseaseSymptom
防风保暖,Technique
万物复苏,Concept
脚冷,DiseaseSymptom
致病细菌,DiseaseSymptom
公历月,TimeSeason
室内空气清新,DiseaseSymptom
勤开窗、常通风,Technique
东风解冻,DiseaseSymptom
蜇虫始振,DiseaseSymptom
鱼陟负冰,DiseaseSymptom
东风送暖,Concept
阳气生,Concept
辛甘发散食物,FoodHerb
虫类,BodyPart
鱼发,DiseaseSymptom
辛甘发散,Technique
痰热,DiseaseSymptom
散瘀血,Technique
祛痰,Technique
通气,Technique
止咳,Technique
解酒,Technique
被发缓形,Technique
使志生,Concept
生而勿杀,Concept
勿夺,Concept
赏而勿罚,Concept
春气,Concept
养生之道,Concept
晚睡早起，与日俱兴,Technique
发散,Concept
陈旧,Concept
郁滞,DiseaseSymptom
不畅,DiseaseSymptom
神经内分泌系统,Concept
功能紊乱,DiseaseSymptom
肝病,DiseaseSymptom
微有汗出,Technique
气喘吁吁,DiseaseSymptom
调养精神,Technique
保持乐观情绪,Technique
戒暴怒,Technique
生发,Concept
护心,BodyPart
睡午觉,Technique
调息静气,Technique
午觉,Technique
白天气温,TimeSeason
葱姜,FoodHerb
有氧,Technique
正午,TimeSeason
血管扩张,BodyPart
体表,BodyPart
消化道,BodyPart
供血,Concept
精神不振,DiseaseSymptom
困意,DiseaseSymptom
喝酒粥,FoodHerb
气血畅,Concept
豆肉,FoodHerb
性温,Concept
阳性,Concept
化痰止咳,Technique
健脾暖胃,Technique
姜醇,FoodHerb
姜烯,FoodHerb
柠檬醛,FoodHerb
炎暑,DiseaseSymptom
生长旺季,Concept
挥发性葱蒜辣素,FoodHerb
呼吸道,BodyPart
汗腺,BodyPart
泌尿道,BodyPart
利尿,Technique
立夏节,SolarTerm
津液,BodyPart
生津止渴,Technique
回升,Concept
养护脾胃,Technique
啤酒,FoodHerb
葡萄酒,FoodHerb
畅通气血,Technique
消暑解渴,Technique
多风,DiseaseSymptom
短暂,TimeSeason
水果蔬菜,FoodHerb
有氧运动,Technique
夏三月,TimeSeason
内关穴,BodyPart
心痛,DiseaseSymptom
心悸,DiseaseSymptom
神平体安,Concept
心躁,DiseaseSymptom
戒怒戒躁,Technique
急事不惊,Technique
烦事不争,Technique
嵇康,Person
《养护心脏》,Source
前臂,BodyPart
掌侧,BodyPart
腕横纹,BodyPart
掌长肌腱,BodyPart
桡侧腕屈肌腱,BodyPart
调息净心,Technique
心静自然凉,Concept
大喜大悲,DiseaseSymptom
关节,BodyPart
百会,BodyPart
节气特点,Concept
棉布,FoodHerb
温经止痛,Concept
活血通络,Concept
降水凉,DiseaseSymptom
五脏,BodyPart
二十四节气养生歌,Concept
公中匡现代远程教育,Source
弧门沪下闪陷,Other
二十米,Other
慎防劳复,DiseaseSymptom
亡羊补牢,Concept
事半功倍,Concept
疾病发,DiseaseSymptom
发展,Concept
传播,Concept
转化,Concept
正向逆转,Concept
调达肝气,Technique
和阴阳,Concept
多练静,Technique
平衡阴阳,Technique
春雷响,Concept
万物长,Concept
月令七十二候集解,Source
二月节,TimeSeason
蒲公英,FoodHerb
性寒,Concept
味甘,Concept
微苦,Concept
具有,Concept
自然物候,Concept
肌肉,BodyPart
脏器,BodyPart
江南一带,OrgLocation
走路,Technique
慢步缓行,Technique
内热气,Concept
愉悦,DiseaseSymptom
长痤疮,DiseaseSymptom
怕热出汗,DiseaseSymptom
情志养生,Technique
焦躁,DiseaseSymptom
发泄,Technique
转移,Technique
温热健脾食物,FoodHerb
妄动肝火,DiseaseSymptom
魔芋,FoodHerb
黑米,FoodHerb
燕麦,FoodHerb
核桃,FoodHerb
栗子,FoodHerb
春日宜省酸增甘,Concept
脾气,BodyPart
开封市中医院,OrgLocation
河南省,OrgLocation
开封市,OrgLocation
中医院,OrgLocation
野菜,FoodHerb
大自然,Concept
导医服务项目,Technique
预约挂号,Technique
温疫,DiseaseSymptom
甜少酸,FoodHerb
冷腻,FoodHerb
膏脉动,Concept
谷于水,Concept
风湿患者,DiseaseSymptom
呜鸠,Other
戴任,Other
谷雨夏未到,Concept
冷意,DiseaseSymptom
降雨量增多,Concept
浮萍开始生长,Concept
布饮莫先行,Other
桑树,OrgLocation
胜鸟,Person
华南北部,OrgLocation
辛辣刺激,FoodHerb
天气较暖,TimeSeason
降雨量增加,DiseaseSymptom
懒散形骸,Technique
勿大汗,Technique
养脏气,Technique
春作物播种生长,Concept
谷雨阴沉沉，立夏雨淋淋,Concept
谷雨下雨,Concept
四十五,Other
气血健康,Concept
气压,Concept
江淮气旋,Concept
连续阴雨,DiseaseSymptom
大风暴雨,DiseaseSymptom
谷雨三月中坐,Technique
自然盘坐,Technique
右手,BodyPart
上举托天,Technique
指尖,BodyPart
左臂,BodyPart
五指,BodyPart
手心,BodyPart
左转,Technique
目视左前方,Technique
漱津,Technique
结瘀血,DiseaseSymptom
目黄,DiseaseSymptom
鼻出血,DiseaseSymptom
颌肿,DiseaseSymptom
臂外痛,DiseaseSymptom
掌中发热,DiseaseSymptom
经络养生,Concept
浴足,Technique
温经,Technique
酉时,TimeSeason
戌时,TimeSeason
家人,Person
朋友,Person
潮湿之地,OrgLocation
潮湿的衣服,FoodHerb
不良情绪,DiseaseSymptom
关节肿痛,DiseaseSymptom
肿胀,DiseaseSymptom
谷雨养生汤,FoodHerb
清代,TimeSeason
吴鞠通,Person
商城县,OrgLocation
乡村医生,Person
准入制度,Concept
医院,OrgLocation
鸭梨,FoodHerb
甘蔗,FoodHerb
鲜芦根,FoodHerb
乡村医生准入制度,Concept
乡村医生培养培训制度,Concept
后备力,Other
商城县卫生局,OrgLocation
村卫生室,OrgLocation
信息化管理,Concept
冰糖,FoodHerb
调和半阴阳,Concept
花开游园情志畅,Technique
晚睡早起散步敞,Technique
和胃防感挂香囊,Technique
养颜梳头,Technique
调和阴阳,Concept
元鸟至,Technique
寒温各半,Concept
昼夜均等,Concept
阳阳相半,Concept
昼夜均而寒暑平,Concept
香囊,FoodHerb
流行病,DiseaseSymptom
草长莺飞,Concept
游园赏花,Technique
昼夜长短平均,Concept
九起,Concept
披发缓行,Technique
《明史·历一》,Source
太阳直射赤道,Concept
阳光逐渐增多,Concept
天气日渐暖和,Concept
日夜温差较大,Concept
寒流侵袭,DiseaseSymptom
适时增减衣物,Technique
勿极寒,Concept
勿太热,Concept
梳头,Technique
畅血脉,Concept
祛风散湿,Concept
头发不白,DiseaseSymptom
巢元方,Person
橘子,FoodHerb
循环系统,BodyPart
代谢,Concept
空气湿度,Concept
健脾祛湿,Technique
供销关系,Concept
甲型肝炎,DiseaseSymptom
肺园,DiseaseSymptom
踏青游玩,Technique
手足口病,DiseaseSymptom
年轻夫妇,Person
中年夫妇,Person
老年夫妇,Person
调节气机,Concept
疏通经络,Concept
行房事,Technique
平和愉快的心情,Concept
饮食宜寒热均衡,Concept
大自然阴阳各占一半,Concept
情绪烦躁,DiseaseSymptom
太过压抑,DiseaseSymptom
科学合理的安排性生活,Technique
以平为期,Concept
寒热均衡,Concept
风火煽,DiseaseSymptom
风扇,FoodHerb
甘肥滋腻,Concept
生湿助热,Concept
油炸熏烤食,FoodHerb
芥末,FoodHerb
茴香,FoodHerb
败酱草,FoodHerb
周书,Source
灌浆,Concept
饱满,Concept
菜的时节,Concept
本草纲目,Source
凉血,Concept
安心益气,Concept
苦菜秀,DiseaseSymptom
靡草死,DiseaseSymptom
麦秋至,Concept
物质,Concept
胆碱,FoodHerb
糖类,FoodHerb
核黄素,FoodHerb
甘露醇,FoodHerb
做汤,Technique
做馅,Technique
煮面,Technique
大汗,DiseaseSymptom
麦子,FoodHerb
一息,Concept
肺腑,BodyPart
邪毒,DiseaseSymptom
心包,BodyPart
心包经,BodyPart
中冲穴,BodyPart
极泉穴,BodyPart
无名指,BodyPart
小指,BodyPart
反舌鸟,Other
噪音,DiseaseSymptom
子午觉,Technique
雨水增多,DiseaseSymptom
湿度变大,DiseaseSymptom
阵雨天,DiseaseSymptom
梅雨天,TimeSeason
天气异常湿热,DiseaseSymptom
祛暑益气津止渴,Technique
饮食清甜淡,FoodHerb
食品要鲜忌坚果,FoodHerb
子时,TimeSeason
经气,Concept
合阴,Concept
合阳,Concept
水弱,Concept
斗指巳为午,Concept
小憩,Technique
心经,BodyPart
农谚,Concept
芒种忙忙种,Technique
有芒之种谷,FoodHerb
丝绸,FoodHerb
亚麻,FoodHerb
气候湿热,DiseaseSymptom
夏播,TimeSeason
螳螂生,DiseaseSymptom
鹏始鸣,Technique
反舌无声,DiseaseSymptom
螳螂,BodyPart
小热,DiseaseSymptom
伯劳鸟,BodyPart
白术,FoodHerb
神经功能紊乱,DiseaseSymptom
心中动悸不安,DiseaseSymptom
脏腑功能失调,Concept
培土荣木,Technique
健脾祛湿化痰,Technique
补肝肾,Technique
益精血,Technique
养心安神,Technique
身凉,DiseaseSymptom
耐寒训练,Technique
机体抵抗力,Concept
桂结,FoodHerb
收敛神气,Concept
心境平和,Concept
乌梅,FoodHerb
砂锅,OrgLocation
文火,Technique
浓汁,FoodHerb
敛汗,Concept
烦热口渴,DiseaseSymptom
气短神疲,DiseaseSymptom
盗汗,DiseaseSymptom
阴津亏虚,DiseaseSymptom
精瘦肉,FoodHerb
白色,Concept
凉水,FoodHerb
精盐,FoodHerb
味精,FoodHerb
润肺止咳,DiseaseSymptom
凉爽的秋天,TimeSeason
玄鸟归,SolarTerm
群鸟归,SolarTerm
枸杞子,FoodHerb
玫瑰花,FoodHerb
养羞,Concept
鸿雁,BodyPart
燕子,BodyPart
等候鸟,Concept
冷粥,FoodHerb
百鸟,Concept
干果,FoodHerb
粮食,FoodHerb
过冬,Concept
减苦增辛,Concept
助筋补血,Concept
养心肝脾胃,Concept
大暴雨天气,TimeSeason
辛味食物,FoodHerb
莴笋,FoodHerb
着凉易泻肚,DiseaseSymptom
木料,FoodHerb
小区,OrgLocation
公园,OrgLocation
木椅,FoodHerb
露打雨淋,DiseaseSymptom
夏练三伏百步走,Technique
木质凳椅,BodyPart
散土茯苓,FoodHerb
薏苡仁,FoodHerb
猪苓,FoodHerb
瑜伽,Technique
三花三叶三豆三果,Concept
金银花,FoodHerb
百合花,FoodHerb
药店,OrgLocation
视太阳到达黄花,Concept
经°时,TimeSeason
淡竹叶,FoodHerb
斗指辛,Concept
天和,Concept
薄荷叶,FoodHerb
药店里,OrgLocation
温风至,Technique
血解毒,Technique
滋肝明目,Technique
疮肿,DiseaseSymptom
痱子,DiseaseSymptom
结膜炎,DiseaseSymptom
蟋蟀居宇,Technique
鹰始鸷,Technique
癌变,DiseaseSymptom
突变细胞,DiseaseSymptom
复原,Concept
抗癌作用,Concept
清脂素,FoodHerb
苦瓜素,FoodHerb
脂肪杀手,Concept
江淮流域,OrgLocation
伏旱期,TimeSeason
多雨季节,TimeSeason
多糖,FoodHerb
气旺盛,DiseaseSymptom
护卫体表,Technique
抵御外邪,Technique
少动多静,Technique
健身,Concept
消暑,Concept
外泄,Concept
作息,Concept
导热,Concept
凉快,DiseaseSymptom
舒适,DiseaseSymptom
自主神经系统,Concept
暑伤津气,DiseaseSymptom
饮食过寒凉,Technique
太阳直射地面的位置,BodyPart
防晒,Technique
着装,Technique
鹿角解,Technique
蝉始鸣,Technique
日出,TimeSeason
日落,TimeSeason
知了,FoodHerb
半夏,FoodHerb
沼泽,OrgLocation
水田,OrgLocation
心肌,BodyPart
盐分,FoodHerb
太阳角度,Concept
失常,DiseaseSymptom
地表,BodyPart
七月中旬到八月中旬,TimeSeason
藏气,Concept
最高气温,Concept
寒凉食物,FoodHerb
心旺肾衰,Concept
外热内寒,Concept
白昼最长,Concept
夜晚最短,Concept
贪多,DiseaseSymptom
寒盛,Concept
衰的变化,Concept
夜伤脾胃,DiseaseSymptom
红色,FoodHerb
黑色,FoodHerb
藏青色,FoodHerb
使志无怒,Concept
使华英成秀,Concept
使气得泄,Concept
萧瑟忧愁安,Technique
昼夜温差逐渐加大,DiseaseSymptom
登高,Technique
开胸,Technique
食玉泉,FoodHerb
润肺生津,Concept
滋阴润燥,Concept
胃炎,DiseaseSymptom
头朝西,BodyPart
鸡俱兴,Concept
唐代,TimeSeason
《备急千金要方》,Source
头朝东,Technique
秋冬养阴,Concept
《春秋繁露•阴阳出入上下》,Source
身屈膝而卧,Technique
侧卧,Technique
右侧弓形卧位,Technique
精气不散,DiseaseSymptom
长寿,Concept
一候雷始收声,DiseaseSymptom
二候蛰虫坯户,DiseaseSymptom
三候水始涸,DiseaseSymptom
右侧卧,Technique
一手曲肘放枕前,Technique
一手自然放在大腿上,Technique
微曲双腿,Technique
固肾益精,DiseaseSymptom
健脾益胃,DiseaseSymptom
止泻化痰,DiseaseSymptom
肾虚遗精,DiseaseSymptom
脾虚泄泻,DiseaseSymptom
肺虚咳嗽,DiseaseSymptom
阴阳兼补,Concept
不燥不腻,Concept
润五官,Concept
悦肌肤,Concept
固牙齿,DiseaseSymptom
强筋骨,Concept
通气血,Concept
延寿命,Concept
陶弘景,Person
蒯京,Person
耐受力,Concept
湿热雨,DiseaseSymptom
太阳直射点,Concept
登高练操,Technique
除浊气,Technique
清热安神,Technique
银耳蜜,FoodHerb
睡眠充足,DiseaseSymptom
早起,Technique
炎热暑天,TimeSeason
少寐,DiseaseSymptom
《古今嘉言》,Source
睡意,DiseaseSymptom
就枕,Technique
昼夜,TimeSeason
初秋,TimeSeason
春捂秋冻,Concept
入睡,DiseaseSymptom
口燥咽干,DiseaseSymptom
失眠多梦,DiseaseSymptom
莲藕,FoodHerb
滋阴润,Concept
宜增咸酸减辛辣,Concept
辛辣食物,FoodHerb
山楂,FoodHerb
淡盐水,FoodHerb
健身操,Technique
口干咽干,DiseaseSymptom
两手半握拳,Technique
反向捶腰背,Technique
捶次,Technique
牙齿叩动,Technique
多食滋阴润肺食物,FoodHerb
天气较干燥,DiseaseSymptom
调息吐纳,Technique
津液咽入丹田,Technique
灼伤肺津,DiseaseSymptom
养阴润肺,Concept
肩背胸痛,DiseaseSymptom
上臂疼痛,DiseaseSymptom
气短,DiseaseSymptom
补中,Concept
解毒,Concept
止痛,Concept
养阴润燥,Concept
润肺补虚,Concept
解药毒,Concept
养脾气,Concept
悦颜色,Concept
此处暑,SolarTerm
血清,BodyPart
无机盐,FoodHerb
果糖,FoodHerb
葡萄糖,FoodHerb
有机酸,FoodHerb
微量元素,FoodHerb
安静,DiseaseSymptom
大起大落,DiseaseSymptom
书法,Technique
赤日炎火烧,DiseaseSymptom
避暑乘凉静养好,Technique
苦夏散步茶薷香,Technique
熏艾防蚊防感冒,Technique
瓜蔬豆粥禁生凉,FoodHerb
萤火虫,BodyPart
枯草,FoodHerb
腐草,Concept
户外湿热,DiseaseSymptom
地面气候资料,Source
烈日炎炎,Concept
天气酷热,DiseaseSymptom
静养,Technique
有米不愿回,DiseaseSymptom
酷热难耐,DiseaseSymptom
潮湿闷热,DiseaseSymptom
腐草为萤,Technique
人主心,Concept
暑气伤人,DiseaseSymptom
中气虚,Concept
土润溽暑,Concept
大雨时行,Technique
水生,Other
陆生,Other
暑湿之气,DiseaseSymptom
芳香化浊,Technique
清解湿热,Technique
药膳,FoodHerb
清暑祛湿茶,FoodHerb
藿香叶粥,FoodHerb
鲜扁豆花,FoodHerb
鲜荷叶,FoodHerb
鲜玫瑰花,FoodHerb
扁豆花,FoodHerb
因暑贪凉,DiseaseSymptom
《理虚元鉴》,Source
因暑取凉,DiseaseSymptom
酷热的夏季,TimeSeason
熏艾,Technique
艾叶,FoodHerb
辛苦,Concept
温经止血,Technique
散寒止痛,Technique
祛风止痒,Technique
运动方式,Technique
强度,Concept
叩动牙齿,Technique
胸背,BodyPart
咳嗽上气,DiseaseSymptom
喘咳,DiseaseSymptom
心烦,DiseaseSymptom
胸膈胀满,DiseaseSymptom
掌中热,DiseaseSymptom
脐上,BodyPart
肩背痛,DiseaseSymptom
多汗,DiseaseSymptom
心情郁结,DiseaseSymptom
健忘,DiseaseSymptom
耗气怒,DiseaseSymptom
夏季情感障碍症,DiseaseSymptom
情绪伤阴,DiseaseSymptom
多喝水,FoodHerb
常食粥,FoodHerb
水中暑,DiseaseSymptom
止嗽息惊,Technique
滋五脏之阴,Technique
清虚劳之热,Technique
补血行水,Technique
养胃生津,Technique
神经活动,Concept
内分泌,Concept
古代,TimeSeason
导引功,Technique
甘食热粥,FoodHerb
心存淡泊制怒平,DiseaseSymptom
寒湿,DiseaseSymptom
省酸增甘,Concept
防疫病,DiseaseSymptom
甜味食物,FoodHerb
寒湿之邪,DiseaseSymptom
水腻之物,FoodHerb
萌动,DiseaseSymptom
草木以水为辅,Concept
水米交融,Concept
香甜可口,DiseaseSymptom
便于消化吸收,Concept
《逸周书》,Source
补脾养胃,Technique
去浊生清,Technique
祭鱼,Technique
草木萌动,DiseaseSymptom
地黄粥,FoodHerb
春时,TimeSeason
唐•孙思邈,Person
防风粥,FoodHerb
防风,FoodHerb
紫苏粥,FoodHerb
紫苏,FoodHerb
风邪,DiseaseSymptom
物燥,Concept
皮肤脱皮,DiseaseSymptom
扁豆红枣粥,FoodHerb
山药粥,FoodHerb
栗子桂圆粥,FoodHerb
早晚温差,TimeSeason
亥时,TimeSeason
百脉,BodyPart
盘坐,Technique
两手相叠按右大腿,Technique
上体向左转,Technique
脖项向左扭转牵引,Technique
过度忧虑,DiseaseSymptom
心情恬淡,Concept
开朗豁达,Concept
与人为善,Concept
忧思不断,DiseaseSymptom
