source,target,type,season
二十四节气中医导引法,中医导引法,属于,未知
二十四节气中医导引法,导引法,属于,未知
二十四节气中医导引法,气血阴阳规律,对应,未知
二十四节气中医导引法,气血阴阳,对应,未知
二十四节气中医导引法,气血,对应,未知
二十四节气中医导引法,人体,对应,未知
二十四节气中医导引法,陈希夷,作者,未知
二十四节气中医导引法,唐末宋初,创编时期,未知
二十四节气,中医导引法,属于,未知
陈希夷二十四气导引坐功图,陈希夷,作者,未知
陈希夷二十四节气坐功图,陈希夷,作者,未知
陈希夷先生二十四,陈希夷,作者,未知
气坐功导引治病图说,因时制宜,对应,未知
太清二十四气水火聚散图势,天地人一体,体现,未知
太清二十四气水火聚散图势,中医思维方式,体现,未知
二十四节气,因时制宜,体现,未知
二十四节气,天地人一体,体现,未知
中医导引法,中医思维方式,体现,未知
运动养生,发展,发展,未知
时令运气,坐功,分析,未知
时令运气,二十四节气中医导引法,研究,未知
二十四节气中医导引法,时令特点,配合,未知
二十四节气中医导引法,操作要点,强调,未知
二十四节气中医导引法,所治病症,用于,未知
晚明时期,陈抟,作者,未知
遵生八笺,养生保健,属于,未知
遵生八笺,节气养生,记载,未知
遵生八笺,二十四节气中医导引法,记载,未知
二十四节气中医导引法,节气,对应,未知
二十四节气中医导引法,功法,属于,未知
二十四气导引坐功图势,功法,属于,未知
二十四气导引坐功图势,节气,对应,未知
陈抟,节气养生,对应,未知
节气养生,养生保健,属于,未知
节气养生,祛病延年,属于,未知
中医导引法,脏腑经络,涉及,未知
中医导引法,气血阴阳,涉及,未知
中医导引法,精气,涉及,未知
二十四气导引坐功图势,导引法,属于,未知
导引法,功法,属于,未知
导引,功法,属于,未知
坐功,功法,属于,未知
节气,二十四节气,属于,未知
二十四节气,节气,属于,未知
太清二十四气,二十四节气,属于,未知
气,气血,属于,未知
水火聚散,节气养生,属于,未知
水火聚散,太清二十四气,属于,未知
气血阴阳,中医导引法,属于,未知
春夏养阳,生长,对应,未知
秋冬养阴,收藏,对应,未知
春夏养阳,养阳,属于,未知
秋冬养阴,养阴,属于,未知
按摩,养生,属于,未知
导引,养生,属于,未知
针砭,养生,属于,未知
药饵,养生,属于,未知
二十四节气坐功导引法,养生,属于,未知
导引,按摩,与,未知
导引,针砭,与,未知
导引,药饵,与,未知
按摩,针砭,与,未知
按摩,药饵,与,未知
针砭,药饵,与,未知
导引,按摩,并列,未知
导引,针砭,并列,未知
导引,药饵,并列,未知
二十四节气坐功导引法,导引,并列,未知
导引,遵生八笺,记载于,未知
养生,近现代,属于,未知
坚持导引,养生大要,属于,未知
二十四节气导引治病,节气导引养生,属于,未知
节气导引养生,养生,对应,未知
二十四节气,节气导引养生,属于,未知
秋分,吐翕咽津,引法,秋分
吐翕咽津,引法,属于,秋分
存想腹胃,引法,属于,秋分
丹砂,腹中,来自,秋分
耀日术,丹药,属于,春分
二十四节气中医导引法,春分,理论依据,春分
二十四节气中医导引法,秋分,理论依据,春分
二十四节气中医导引法,天人合一,体现,春分
二十四节气中医导引法,昼夜均,对应,春分
二十四节气中医导引法,寒暑平,对应,春分
二十四节气中医导引法,阴阳平衡,对应,春分
导引法,锻炼,配合,春分
锻炼,丹药,堪比,春分
锻炼,阴阳协调,可达,春分
天地,自然,对应,春分
四时,节气,对应,春分
冬三月,四时,属于,春分
早卧晚起,调养,属于,春分
早卧,调养,属于,春分
晚起,调养,属于,春分
日光,节气的气候特点,属于,春分
节气,气候特点,对应,春分
节气,人体的阴阳消长规律,对应,春分
人参,天地,对应,春分
天人合一,人与自然,对应,春分
养生,人与自然,对应,春分
节气的气候特点,气候,对应,春分
人体的阴阳消长规律,阴阳消长,对应,春分
人体,阴阳,对应,春分
人与自然,天地,对应,春分
天人相应,天人合一,属于,未知
二十四节气中医导引法,节气养生,属于,未知
二十四节气中医导引法,礼记•月令,参考,未知
二十四节气中医导引法,素问,参考,未知
二十四节气中医导引法,灵枢经,参考,未知
二十四节气中医导引法,运气论奥,参考,未知
二十四节气中医导引法,身心行境合一,讲究,未知
二十四节气中医导引法,锻炼,属于,未知
二十四节气中医导引法,二十四节气,对应,未知
二十四节气中医导引法,四季,对应,未知
二十四节气中医导引法,十二月,对应,未知
天气清净，光明者也,心,对应脏腑,未知
藏德不止,心,对应脏腑,未知
导引图势,三十二幅篇,属于,未知
养生理论,三十二幅篇,属于,未知
圣人,导引图势,遵循,未知
圣人,身无奇病,导致,未知
身无奇病,养生,对应,未知
万物不失,养生,对应,未知
活人心法,导引图势,被借鉴,未知
二十四节气导引术,太清篇,属于,未知
圣人,保健,应,未知
二十四节气,节气,属于,春分
二十四节气,春生,对应,春分
二十四节气,夏长,对应,春分
二十四节气,秋收,对应,春分
二十四节气,冬藏,对应,春分
导引,功法,属于,春分
导引,养生养长,用于,春分
养生养长,生长,对应,春分
生长之门,生长,对应,春分
节令,春分,对应,春分
节令,二月,对应,春分
主何气,少阴二气,对应,春分
主何气,燥金,对应,春分
手阳明大肠,经脉,属于,春分
春分,少阴二气,对应,春分
春分,燥金,对应,春分
玄鸟,发声,对应,春分
月令,春生,对应,春分
月令,夏长,对应,春分
月令,秋收,对应,春分
月令,冬藏,对应,春分
阴阳平衡,天人合一,属于,立春
二十四节气导引法,节气,对应,立春
二十四节气导引法,十二经脉,适配,立春
二十四节气导引法,六气,分属,立春
二十四节气导引法,人体,调摄,立春
阴阳,四时,分为,大寒
保生心鉴,大寒,记载,大寒
大寒,四时,属于,大寒
大寒,气,影响,大寒
十二月,厥阴初气,运主,大寒
三气养生,五运六气,属于,大寒
主气,气候之常,属于,大寒
上古天真论篇,真人,提及,大寒
立守神,导引法,属于,未知
肌肉若一,导引法,属于,未知
二十四节气导引法,导引法,属于,未知
二十四节气导引法,六气变化,配合,未知
二十四节气导引法,经络理论,配合,未知
导引法,防治,用于,未知
六气变化,经络理论,影响,未知
时间,心,同步,未知
空间,心,同步,未知
天人合用,人体内外环境,加强,未知
导引,人体内外环境,加强,未知
二十四节气中医导引法,导引,属于,未知
五运六气,导引功法,结合,未知
二十四节气导引法,十二经脉,适配,未知
二十四节气导引法,气枢要图,对应,未知
二十四节气导引法,六十年纪运图,对应,未知
二十四节气导引法,主气图,对应,未知
二十四节气导引法,客气图,对应,未知
十二经脉,月令,相应,未知
太清二十四气,二十四节气,对应,未知
太清二十四气,十二月,对应,未知
太清二十四气,阴阳转变,涉及,未知
太清二十四气,水火聚散,涉及,未知
人体,阴阳转变,存在,未知
经脉,灵枢•五乱,属于,未知
导引法,灵枢•五乱,属于,未知
主治功效,灵枢•五乱,属于,未知
二十四节气,春秋冬夏,属于,未知
春秋冬夏,节气,对应,未知
阴阳,五运六气,对应,未知
五运六气,阴阳,以,未知
十二经脉,十二月,对应,未知
二十四节气导引术,五运六气,属于,未知
二十四节气导引术,十二经脉,应用,未知
五运六气,气候变化,研究,未知
五运六气,自然,阐释,未知
经络,气候变化,对应,未知
经络,疾病,对应,未知
经络,五运六气,属于,未知
经络,二十四节气,与,未知
经络,主气,与,未知
黄元御,清代,作者,未知
同病异治,岁运,对应,未知
六气,虚实,定,未知
同病异治,主气,对应,未知
生辰禀赋,因人制宜,用于,未知
运气学说,因时制宜,用于,未知
体物候,气候,结合,未知
体质,偏好,结合,未知
体质,饮食,结合,未知
十二月,十二经络,对应,未知
因时制宜,起居活动,涉及,未知
因时制宜,养生,用于,未知
运动养生,运动,包括,立春
运动养生,养生,包括,立春
运动养生,导引,包括,立春
运动养生,体节气的导引法,包括,立春
不妄作劳,上古天真论,出自,立春
形劳而不倦,上古天真论,出自,立春
体节气的导引法,导引,属于,立春
体节气的导引法,节气,对应,立春
立春,五气,对应,立春
立夏,五气,对应,立春
立秋,五气,对应,立春
立冬,五气,对应,立春
五劳所伤,劳作,对应,立春
五运六气,平和,求,立春
立秋缩身拱背式,保生心鉴,见于,立春
立秋,二十四节气,属于,立春
立秋,七月,属于,立春
立秋,太阴,对应脏腑,立春
立春,二十四节气,属于,立春
月令,凉风至,对应,立春
月令,白露,对应,立春
月令,寒蝉鸣,对应,立春
凉风至,足少阳胆,对应,立春
木立春,气温,之后,立春
木立春,降雨,之后,立春
东风,相火,送,立春
相火,东风,行功,立春
丑寅时,正坐,进行,立春
丑寅时,两手托,进行,立春
丑寅时,缩体闭,进行,立春
河里的冰,融息,开始,立春
融息,七八度,发生在,立春
叠掌按髀式,口苦,对应症状,立春
叠掌按髀式,善太息,对应症状,立春
叠掌按髀式,不能反侧,对应症状,立春
叠掌按髀式,面尘,对应症状,立春
叠掌按髀式,体无泽,对应症状,立春
叠掌按髀式,足外热,对应症状,立春
叠掌按髀式,头痛,对应症状,立春
补虚益损,去腰肾积气,对应症状,立春
立春,阳痛,对应症状,立春
立春,目锐眦痛,对应症状,立春
立春,缺盆肿痛,对应症状,立春
立春,腋下肿,对应症状,立春
立春,汗出,对应症状,立春
立春,振寒,对应症状,立春
立春,气始升,对应概念,立春
立春,时节,属于,立春
手少阳三焦经,无名指末,起于,立春
手少阳三焦经,手腕背侧,行于,立春
手少阳三焦经,上臂外侧,到达,立春
手少阳三焦经,肩部,到达,立春
手少阳三焦经,马刀侠瘿,对应症状,立春
手少阳三焦经,结核,对应症状,立春
立秋,四之气,处于,立春
四之气,太阴湿土,对应概念,立春
脊柱,腰背,对应,立夏
足运太极式,呼气,配合,立夏
足运太极式,弓形,产生,立夏
保生心鉴,立夏,提及,立夏
保生心鉴,腰背,提及,立夏
保生心鉴,呼气,提及,立夏
脊柱,弓形,呈现,立夏
气,呼气,参与,立夏
立夏,少阴君火,对应,立夏
蚯蚓,湿润,来自,立冬
蚯蚓,泥土,来自,立冬
生长,立冬,发生于,立冬
立夏,足运太极式,属于,立夏
足运太极式,肝,对应脏腑,立夏
足运太极式,划圆,包含,立夏
足运太极式,两手左右托,包含,立夏
足运太极式,吐纳,包含,立夏
足运太极式,叩齿,包含,立夏
足运太极式,咽液,包含,立夏
足运太极式,丑寅时,在,立夏
划圆,顺时针,方向,立夏
划圆,逆时针,方向,立夏
划圆,足尖,使用部位,立夏
肝风木,肝,对应脏腑,立夏
正坐,足运太极式,属于,立夏
拗颈,足运太极式,属于,立夏
两手左右托,足运太极式,属于,立夏
吐纳,足运太极式,属于,立夏
叩齿,足运太极式,属于,立夏
咽液,足运太极式,属于,立夏
立夏,少阴君火,属于,立夏
少阴君火,邪毒,导致,立夏
平衡阴阳,面尘,对应,立夏
平衡阴阳,头痛,对应,立夏
平衡阴阳,四肢,侧重于,立夏
冬挽肘侧推式,手掌,使用,未知
二十四节气中医导引法,心,对应脏腑,未知
二十四节气中医导引法,肾,对应脏腑,未知
二十四节气中医导引法,手臂,侧重,未知
二十四节气中医导引法,手三阴经,涉及,未知
二十四节气中医导引法,养生保健,功效,未知
二十四节气中医导引法,防病治病,功效,未知
二十四节气导引法,二十四节气中医导引法,属于,未知
二十四节气导引法,心,对应脏腑,未知
二十四节气导引法,肾,对应脏腑,未知
二十四节气导引法,手臂,侧重,未知
二十四节气导引法,手三阴经,涉及,未知
二十四节气导引法,养生保健,功效,未知
二十四节气导引法,防病治病,功效,未知
二十四节气坐功导引法,二十四节气中医导引法,属于,未知
二十四节气坐功导引法,手臂,侧重,未知
二十四节气坐功导引法,手三阴经,涉及,未知
二十四节气坐功导引法,养生保健,功效,未知
二十四节气坐功导引法,防病治病,功效,未知
心阳,肾阴,之气温煦,未知
心阳,心肾相交,使,未知
心肾相交,心,涉及,未知
心肾相交,肾,涉及,未知
导引法,二十四节气中医导引法,属于,未知
导引法,坐功导引法,属于,未知
保生心鉴,二十四节气导引法,记载,未知
保生心鉴,郭颖,作者,未知
王庆其,天人关系,论述,未知
王庆其,天人合一,论述,未知
天人关系,天人合一,对应,未知
二十四节气中医导引法,天人关系,与,未知
二十四节气导引法,天人关系,与,未知
二十四节气坐功导引法,天人关系,与,未知
张明亮,二十四节气导引养生法,作者,未知
二十四节气导引养生法,导引法,属于,未知
二十四节气导引养生法,养生,属于,未知
二十四节气导引养生法,中医的时间智慧,对应,未知
导引法,养生,属于,未知
导引法,疾病后期康复治疗,对,未知
导引法,养生保健,适用于,未知
二十四节气导引养生法,天人合一理论,基于,未知
代金刚,张明亮,与,未知
田思玮,张明亮,与,未知
二十四节气导引法,引法,属于,未知
二十四节气导引法,中华文化,来源于,未知
五运六气,杨威,临床思路,未知
导引法,二十四节气,属于,未知
导引法,养生文化,属于,未知
五运六气,治则治法,属于,未知
导引法,五运六气,相关,未知
导引法,养生文化,相关,未知
十四节气导引法,五运六气,结合,未知
十四节气导引法,经络学说,结合,未知
十四节气导引法,天人合一,结合,未知
十四节气导引法,导引,以,未知
十四节气导引法,防治疾病,达到,未知
十四节气导引法,养生保健,达到,未知
五运六气,未病,对治,未知
导引,防治疾病,用于,未知
导引,养生保健,用于,未知
二十,五运六气,属于,未知
五运六气,六气,对应,未知
中医导引法,导引法,属于,未知
导引法,引法,属于,未知
二十四节气与养生,刘书龙,作者,霜降
春雨,东北,对应地区,霜降
春雨,华北,对应地区,霜降
春雨,西北,对应地区,霜降
健康养生,春分,重要性,春分
健康养生,夏至,重要性,春分
健康养生,冬至,重要性,春分
春分,万物生长,对应,春分
春分,细菌,对应,春分
春分,流行性传染病,对应,春分
上半年,六廿一,逢,春分
下半年,八廿三,逢,春分
冷空气,天气,影响,春分
防寒保暖,人体,适用于,春分
血,人体,在,春分
春分,二十四节气,属于,春分
春秋时代,仲夏,测定,春分
仲夏,二十四节气,属于,春分
温度,气候,影响,春分
湿度,气候,影响,春分
精神病,春季,好发时间,立春
过敏性疾病,春季,好发时间,立春
黄经,太阳,运行,立春
黄经,太阳,对应,立春
春季,生机,顺应,立春
春季,户外活动,宜行,立春
春季,郊游,宜行,立春
春季,晨运,宜行,立春
春季,沐浴阳光,宜行,立春
春季,呼吸,宜行,立春
春季,情绪的波动,调慑,立春
春季,情志,调慑,立春
春季,烦恼,避免,立春
春季,嬉戏玩乐,宜行,立春
春季,迎风顺气,宜行,立春
春季,随风送忧,宜行,立春
大雪,二十四节气,属于,大雪
冬至,二十四节气,属于,大雪
小寒,二十四节气,属于,大雪
大寒,二十四节气,属于,大雪
此节气,二十四节气,属于,大雪
饮食调养,温热之品,宜食,大雪
饮食调养,益阳之品,宜食,大雪
饮食调养,滋阴之物,配以,大雪
二十四节气,文化遗产,属于,大雪
二十四节气,古代天文,属于,大雪
二十四节气,气候科学,属于,大雪
脘腹不舒,韭菜,宜食,大雪
脘腹不舒,大蒜,宜食,大雪
脘腹不舒,木瓜,宜食,大雪
韭菜,助阳,功效,大雪
大蒜,助阳,功效,大雪
木瓜,助阳,功效,大雪
韭菜,蛋类,宜配,大雪
大蒜,蛋类,宜配,大雪
木瓜,蛋类,宜配,大雪
韭菜,滋阴,与,大雪
大蒜,滋阴,与,大雪
木瓜,滋阴,与,大雪
二十四节气,养生,指导,大雪
川芎,汤品,属于,清明
白芷,汤品,属于,清明
鱼头,汤品,属于,清明
白木耳,汤品,属于,清明
红枣,汤品,属于,清明
猪瘦肉,汤品,属于,清明
生麦芽,汤品,属于,清明
淮山,汤品,属于,清明
牛肚,汤品,属于,清明
养生专家,节气与养生,认为,清明
节气与养生,养生保健,属于,清明
清明,二十四节气,属于,清明
清明,月日前后,交节日期,清明
春分,清明,对应节气,春分
清明,二十四节气,属于,春分
清明,万物洁显,对应概念,春分
清明,月日前后,发生时间,春分
月令七十二候集解,清明,记载,春分
月令七十二候集解,春分,记载,春分
黄经,清明,相关节气,春分
清明,春分,对应节气,春分
清明,气候逐渐转暖,对应气候,春分
清明,时节,属于,春分
清明,两半球昼夜均分,对应概念,春分
清明,春之半,对应概念,春分
月令七十二候集解,春分,提到,春分
春分,二月,对应时间,春分
天气,草木,影响,春分
春秋繁露·阴阳出入上下篇,春秋繁露,出自,春分
桃李初绽,万物欣欣向荣,对应,春分
春分,昼夜均,对应,春分
春分,寒暑平,对应,春分
枯黄,寒冬景象,对应,春分
清洁明净的春季风光,清新明朗,对应,春分
春分,白天黑夜平分,对应时间,立春
春分,春季,属于,立春
春分,户外运动,宜进行,立春
春分,晨运,宜进行,立春
春分,登山,宜进行,立春
春分,踏青,宜进行,立春
春分,郊游,宜进行,立春
春分,润濡,五脏六腑,立春
春分,润濡,清气,立春
春季,清明,对应季节,雨水
清明,雨水增多,之后,雨水
雨水增多,气候潮湿,导致,雨水
气候潮湿,疲倦嗜睡,导致,雨水
春分,昼渐长,起,雨水
春分,夜渐觉,起,雨水
晴雨多变,受凉,导致,雨水
受凉,感冒,导致,雨水
感冒,扁桃体炎,导致,雨水
晴雨多变,支气,导致,雨水
北半球,春分,昼渐长,雨水
北半球,春分,夜渐觉,雨水
南半球,北半球,与之相反,雨水
春分,时节,属于,春分
春分,全年,对应时节,春分
严寒,春分,逝去,春分
气温,春分,回升,春分
管炎,春分,多发于,春分
肺炎,春分,多发于,春分
白喉,春分,多发于,春分
猩红热,春分,多发于,春分
百日咳,春分,多发于,春分
水痘,春分,多发于,春分
流行性脑膜炎,春分,多发于,春分
天气变化,呼吸道,影响,春分
天气变化,病从口入,导致,春分
日平均气温,江南,与,清明
清明时节,慢性病,易复发,清明
清明时节,关节炎,易复发,清明
清明时节,哮喘,易复发,清明
清明时节,精神病,易复发,清明
慢性病,发物,忌食,清明
春季,草长莺飞,对应,清明
江南,降水,降水增多,清明
春季,动风,易动风,清明
春季,生痰,生痰,清明
春季,发毒,发毒,清明
春季,助火,助火,清明
春季,助邪,助邪,清明
海虾,动风,易动风,清明
海虾,生痰,生痰,清明
海虾,发毒,发毒,清明
海虾,助火,助火,清明
海虾,助邪,助邪,清明
羊肉,动风,易动风,清明
羊肉,生痰,生痰,清明
羊肉,发毒,发毒,清明
羊肉,助火,助火,清明
羊肉,助邪,助邪,清明
此节气,进补,不可进补,清明
此节气,肝脏,对应脏腑,清明
清明时节,肝,对应脏腑,清明
清明时节,肺,对应脏腑,清明
清明时节,荠菜,宜食,清明
清明时节,菠菜,宜食,清明
清明时节,山药,宜食,清明
清明时节,淡菜,宜食,清明
清明时节,柔肝,功效,清明
清明时节,养肺,功效,清明
清明时节,益肝,功效,清明
清明时节,利五脏,功效,清明
清明时节,通血脉,功效,清明
清明时节,健脾,功效,清明
清明时节,益阴,功效,清明
清明时节,滋水涵木,功效,清明
清明时节,困乏,症状,清明
明前茶,养肝清头目,功效,未知
明前茶,化痰除烦渴,功效,未知
明前茶,提神醒脑,功效,未知
木物,肝,对应脏腑,未知
防病抗病能力,身体,提高,未知
防病抗病能力,平安度夏,有助于,未知
生火,心,对应脏腑,谷雨
心,心脏,对应脏腑,谷雨
谷雨,时节,属于,谷雨
谷雨,时间,属于,谷雨
暮春,时节,属于,谷雨
天地间,万物生长,包含,谷雨
天地间,蒸蒸,包含,谷雨
高血压,暮春,易发期,谷雨
高血压,心,需重视,谷雨
动作柔和,锻炼,属于,谷雨
动中有静,锻炼,属于,谷雨
饮食,定时定量,需,谷雨
自然之气,情舒畅,有助于,谷雨
锻炼,慢跑,包括,谷雨
锻炼,做操,包括,谷雨
锻炼,打球,包括,谷雨
春游,心,对应脏腑,谷雨
心肺功能,身体素质,增强,立夏
心肺功能,身体,增强,立夏
身体素质,身体,增强,立夏
立夏,夏季,属于,谷雨
立夏,太阳黄经,对应,谷雨
立夏,斗指东南,对应,谷雨
立夏,万物至此皆长大,对应,谷雨
立夏,公历,发生于,谷雨
谷雨,春季,属于,谷雨
谷雨,月日前后,交节时间,谷雨
谷雨,公历,交节时间,谷雨
谷雨,大风,天气,谷雨
谷雨,水分,人体,谷雨
谷雨,出汗,导致,谷雨
谷雨,呼吸,导致,谷雨
雨生百谷,谷雨,属于,清明
谷雨,三月,属于,清明
天气,上火,导致,清明
上火,咽干口燥,导致,清明
上火,食欲不振,导致,清明
上火,大便干,导致,清明
群芳谱,雨生百谷,提及,清明
群芳谱,谷雨,提及,清明
孝经援神契,谷雨,提及,清明
三燥,小便发黄,对应病症,雨水
三燥,口腔溃疡,对应病症,雨水
三燥,痤疮,对应病症,雨水
立夏,雨水,时节,雨水
土膏脉动,雨水,对应时节,雨水
谷于水,雨水,对应时节,雨水
雨读作去声,雨水,对应时节,雨水
雨我公田,立夏,对应时节,雨水
谷以此时播种,立夏,对应时节,雨水
生活,劳逸结合,应遵循,雨水
饮食,清淡,宜,雨水
饮食,油腻,忌,雨水
雨我公田,播种,对应行为,雨水
播种,自上而下,对应方向,雨水
谷雨,太阳直射,时节,谷雨
太阳直射,中沙群岛,发生于,谷雨
太阳直射,西沙群岛,发生于,谷雨
谷雨,南部,时节,谷雨
豆制品,营养,补充,谷雨
鸡肉,营养,补充,谷雨
瘦肉,营养,补充,谷雨
豆制品,养心,功效,谷雨
鸡肉,养心,功效,谷雨
瘦肉,养心,功效,谷雨
平均气温,回升,对应,谷雨
清明,断雪,断雪,清明
谷雨,断霜,断霜,清明
谷雨,蔬菜,宜食,清明
谷雨,水果,宜食,清明
谷雨,粗粮,宜食,清明
谷雨,纤维素,增加,清明
谷雨,维生素,增加,清明
谷雨,动脉硬化,预防,清明
清明,谷雨,对应节气,清明
青藏高原,寒潮天气,处于,清明
黑龙江,寒潮天气,处于,清明
老年人,心病,预防,谷雨
谷雨,季节,属于,谷雨
谷雨,一年中,属于,谷雨
谷雨,温差,具有,谷雨
清晨,酒,宜饮,谷雨
大风天气,天气,交替出现,谷雨
情绪,免疫系统,影响,谷雨
谷雨,雨量,开始,谷雨
心肌缺血,健康,影响,未知
心律失常,健康,影响,未知
血压升高,健康,影响,未知
猝死,健康,影响,未知
心肌缺血,心肌,涉及,未知
心律失常,心,涉及,未知
血压升高,血压,涉及,未知
气血,人体,影响,未知
养生保健,自然,顺应,未知
养生保健,人体,调节,未知
老年人,健康,影响,未知
初夏,气血,影响,未知
老年人,气温的升高,应适应,谷雨
老年人,立夏,应适应,谷雨
老年人,精神养生,应进行,谷雨
老年人,平和的心态,应保持,谷雨
老年人,狂喜大怒,忌,谷雨
气温的升高,湿疹,导致,谷雨
老年人,绘画,宜做,谷雨
老年人,练书法,宜做,谷雨
老年人,听音乐,宜做,谷雨
老年人,下棋,宜做,谷雨
立夏,昼长夜短,具有,立夏
立夏,天亮得早、黑得晚,具有,立夏
桃花,过敏性疾,引起,立夏
杏花,过敏性疾,引起,立夏
杨花,过敏性疾,引起,立夏
柳絮,过敏性疾,引起,立夏
节气变化,阳盛阴虚,对应,立夏
晚些入睡,阳盛阴虚,顺应,立夏
早点起床,阳盛阴虚,顺应,立夏
紧张情绪,心情舒畅,可被调节,立夏
钓鱼,紧张情绪,用于调节,立夏
过敏体质,过敏性哮喘,易患,立夏
过敏体质,户外活动,应避免,立夏
午休,大脑,作用于,立夏
午休,全身,作用于,立夏
高热量,食物,属于,立夏
饮食,高热量,应减少,立夏
饮食,午休,应增加,立夏
肋间神经痛,神经痛,属于,谷雨
坐骨神经痛,神经痛,属于,谷雨
三叉神经痛,神经痛,属于,谷雨
午睡,床上,之后,谷雨
发汗,汗多,可能导致,谷雨
汗多,伤心,可能导致,谷雨
二十四节气与养生,精神压力,可以缓解,未知
二十四节气与养生,食物的消照射,可以促进,未知
二十四节气与养生,太阳直射,要避开,未知
二十四节气与养生,防暑,注意,未知
二十四节气与养生,阳气,顺应,未知
二十四节气与养生,气血运行,利于,未知
二十四节气与养生,精神,振奋,未知
二十四节气与养生,防湿病,涉及,未知
小满,二十四节气,属于,小满
小满,节气,属于,小满
小满,中午,对应时间,小满
小满,小睡,宜行,小满
雨量,皮肤病,导致,小满
雨量,湿疹,导致,小满
雨量,下肢溃疡,导致,小满
脚至,皮肤病,属于,小满
疲劳,小睡,可被解除,小满
小满,湿疹,易发,小满
小满,下肢溃疡,易发,小满
小满,脚至,易发,小满
天热,出汗,导致,未知
勤洗勤换,汗出见湿,对应,未知
汗出,座疮,导致,未知
天气闷热,座疮,导致,未知
潮湿,座疮,导致,未知
汗出见湿,座疮,导致,未知
天气闷热,潮湿,与,未知
汗出见湿,皮肤病,属于,未知
座疮,皮肤病,属于,未知
洗澡,湿病,预防,小满
小满,万物长,属于,小满
小满,月下旬,处于,小满
小满,芒种,进入,小满
夏季,小满,开始,小满
夏季,南方地区,影响,小满
夏季,北方地区,影响,小满
饮食调养,红小豆,宜食,小满
饮食调养,慧芭仁,宜食,小满
饮食调养,绿豆,宜食,小满
饮食调养,冬瓜,宜食,小满
饮食调养,清热,具有,小满
饮食调养,健脾,具有,小满
冷空气,北方,来自,小满
丝瓜,食物,属于,小满
胡萝卜,食物,属于,小满
西红柿,食物,属于,小满
西瓜,食物,属于,小满
莲子,食物,属于,小满
小满,雨水,节气,雨水
小满,脾,对应脏腑,雨水
小满,羊肉,忌食,雨水
小满,狗肉,忌食,雨水
小满,冷饮,忌食,雨水
小满,低温,导致,雨水
东北地区,低温,出现,雨水
华北地区,低温,出现,雨水
小满,消化吸收,主管,小满
小满,水液代谢,主管,小满
脾虚,低温,影响,小满
脾虚,水液代谢,影响,小满
长江下游地区,低温,出现,小满
闷热,夏季,属于,小满
潮湿,夏季,属于,小满
小满,绿豆粥,宜食,小满
小满,红小豆粥,宜食,小满
防热防湿,受凉,防止,小满
芒种,清补,饮食宜,小满
全国,升高,气温,小满
饮食清淡,养生,属于,小满
生活无规律,脚气,可能导致,小满
生活无规律,湿疹,可能导致,小满
生活无规律,下肢溃疡,可能导致,小满
熬夜加班,脚气,可能导致,小满
熬夜加班,湿疹,可能导致,小满
熬夜加班,下肢溃疡,可能导致,小满
蔬菜,糖类,提供,芒种
蔬菜,蛋白质,提供,芒种
蔬菜,脂肪,提供,芒种
蔬菜,矿物质,提供,芒种
豆类,糖类,提供,芒种
豆类,蛋白质,提供,芒种
豆类,脂肪,提供,芒种
豆类,矿物质,提供,芒种
辛辣,内热,产生,芒种
油腻,内热,产生,芒种
精神,紧张,导致,芒种
熬夜加班,紧张,导致,芒种
熬夜加班,内热,导致,芒种
熬夜,内热,导致,芒种
湿气,内热,郁积,芒种
机体,抗病能力,影响,芒种
瓜果,机体,宜食,芒种
多饮水,抗病能力,有助于,芒种
维生素,新陈代谢,有助于,芒种
月日前后,保养,宜,芒种
太阳,黄经,到达,芒种
黄经,保养,对应,芒种
保养,血管,有助于,芒种
芒种,肝脏,对应脏腑,芒种
芒种,胆汁酸,转移,芒种
橙汁,有芒之谷,去火,芒种
橙汁,内热,生热,芒种
橙汁,内热,生痰,芒种
橙汁,有芒之谷,宜食,芒种
橙汁,动脉硬化,预防和治疗,芒种
芒种,天气,天气炎热,雨水
芒种,雨水,雨水增多,雨水
芒种,冬瓜,宜食,雨水
芒种,苦瓜,宜食,雨水
芒种,丝瓜,宜食,雨水
芒种,湿热,湿热之气,雨水
芒种,呼吸,湿热之气,雨水
梅雨季节,阴雨,持续阴雨,雨水
梅雨季节,雨量,雨量增多,雨水
气候特点,海虾,宜食,未知
气候特点,葱,宜食,未知
气候特点,蒜,宜食,未知
气候特点,辣椒,宜食,未知
气候特点,韭菜,宜食,未知
气候特点,狗肉,忌食,未知
气候特点,精神,对应脏腑,未知
气候特点,人体,对应脏腑,未知
气候特点,健身,宜食,未知
气候特点,养生,宜食,未知
玉米,粮食,属于,小暑
香蕉,水果,属于,小暑
香菜,蔬菜,属于,小暑
油菜,蔬菜,属于,小暑
甘蓝,蔬菜,属于,小暑
芹菜,蔬菜,属于,小暑
大葱,蔬菜,属于,小暑
蒜,蔬菜,属于,小暑
山药,蔬菜,属于,小暑
头痛头晕,心,对应脏腑,小暑
小暑,节气,属于,小暑
血压,头痛头晕,导致,夏至
头痛头晕,头痛,对应,夏至
户外活动,夏至,应避免,夏至
运动,清晨,宜在,夏至
运动,傍晚,宜在,夏至
防暑降温,工作,属于,夏至
防暑降温,运动,属于,夏至
小暑,红眼病,时节,夏至
湖水边,空气新鲜,环境,夏至
公园庭院,空气新鲜,环境,夏至
湖水边,森林,宜去,夏至
湖水边,海滨地区,宜去,夏至
公园庭院,森林,宜去,夏至
公园庭院,海滨地区,宜去,夏至
空气新鲜,湖水边,环境,夏至
空气新鲜,公园庭院,环境,夏至
红眼病,用眼卫生,应注意,夏至
消化道疾病,小暑,开始多发,夏至
夏至,月日,交节日期,夏至
锻炼,散步,项目,夏至
锻炼,慢跑,项目,夏至
锻炼,太极拳,项目,夏至
锻炼,广播操,项目,夏至
饮食调养,饮食不节,应改变,夏至
饮食调养,饮食偏嗜,应改变,夏至
饮食不节,饮食偏嗜,属于,夏至
适量,饮食调养,适用于,夏至
太阳直射,北回归线,发生于,夏至
太阳直射,北半球,发生于,夏至
太阳直射,大汗淋漓,导致,夏至
太阳直射,汗泄太多,导致,夏至
过饥,摄食不足,导致,夏至
过饥,营养缺乏,导致,夏至
一年中,夏至,包含,夏至
夏至,白昼最长,是,夏至
夏至,盛夏,对应时节,夏至
夏至,暑天,对应时节,夏至
夏至,湿痹证,导致,夏至
夏至,黄汗,导致,夏至
夏至,厌食吐泻,导致,夏至
夏至,食伤脾胃,导致,夏至
夏至,饮食不洁,导致,夏至
夏至,胃肠道疾病,导致,夏至
夏至,痢疾,导致,夏至
夏至,寄生虫,导致,夏至
高温酷暑,天气,属于,夏至
高温酷暑,气候炎热,属于,夏至
夏至,气候炎热,对应,夏至
夏至,消化功能,影响,夏至
夏至,高温,导致,夏至
夏至,炎热,导致,夏至
夏至,气温,导致,夏至
饮食,清淡,宜,夏至
饮食,肥甘厚味,忌,夏至
腐败变质的食物,食物中毒,可导致,夏至
食物中毒,腹痛,可引起,夏至
食物中毒,吐泻,可引起,夏至
食物中毒,昏迷,可引起,夏至
夏至,时节,属于,夏至
饮食偏嗜,夏季,不顺应,夏至
夏季,阳盛于外,阳盛于外,夏至
厚味肥腻之品,脾胃,忌食,夏至
厚味肥腻之品,脾胃,损伤,夏至
夏至,死生,阴阳争,夏至
夏至,脾胃,伤及,夏至
夏至,脚气,导致,夏至
夏至,多汗,导致,夏至
夏至,阴气,对应脏腑,夏至
天气炎热,多汗,导致,夏至
盐分,心肌,损失,夏至
心肌,心脏,缺盐,夏至
此节气,心脏,失常,夏至
此节气,阴气,始生,夏至
此节气,咸味,宜食,夏至
咸味,心,补心,夏至
露打雨淋,湿气,导致,未知
露打雨淋,人体,影响,未知
雨淋,湿气,导致,未知
水分,露打雨淋,存在于,未知
养生保健,时节,重要性,未知
太阳,湿气,影响,未知
温度,湿气,影响,未知
裕康,养生论,作者,未知
升高,潮气,对应症状,未知
息静心,冰雪在心,对应症状,未知
息静心,炎热,对应症状,未知
坐久了,痔疮,诱发,未知
坐久了,风湿,诱发,未知
坐久了,关节炎,诱发,未知
小暑,二十四节气,属于,小暑
小暑,心,对应脏腑,小暑
小暑,久坐,不宜,小暑
小暑,露天,不宜,小暑
小暑,调整气,宜,小暑
小暑,月日前后,发生时间,小暑
小暑,心神安静,宜,小暑
小暑,意念,宜,小暑
小暑,心阳,宜,小暑
斗指辛,历书,属于,小暑
小暑,炎热,对应天气,小暑
炎热,心,扰乱,小暑
天气,小暑,属于,小暑
心境,烦躁,表现为,小暑
夜间气温,炎热,导致,小暑
炎热,初伏,对应时节,小暑
炎热,小暑,对应时节,小暑
炎热,热浪,引起,小暑
炎热,暴雨,引起,小暑
炎热,头痛,引起,小暑
炎热,腹痛,引起,小暑
炎热,关节不适,引起,小暑
炎热,消化不良,引起,小暑
炎热,腹泻,引起,小暑
夜间气温,温度之差,影响,小暑
温度之差,阴阳盛衰,变化,小暑
初伏,节气,属于,小暑
炎热,天气,属于,小暑
夜晚,体弱者,对应,小暑
早起,保健,属于,小暑
小暑,炎热,天气,小暑
气候炎热,时节,属于,夏至
气候炎热,心烦意乱,导致,夏至
空调,身体的适应能力,影响,夏至
气候炎热,生活,影响,夏至
气候炎热,工作,影响,夏至
乏力,心,对应脏腑,小暑
小暑,时节,属于,小暑
春夏,时节,属于,小暑
春夏养阳,春夏,对应,小暑
时节,人体,影响,小暑
气温,人体,影响,小暑
小暑,春夏养阳,符合,小暑
冬季,肺气肿,发作,小暑
冬季,支气管炎,发作,小暑
冬季,过敏性鼻炎,发作,小暑
肺气肿,慢性疾病,属于,小暑
支气管炎,慢性疾病,属于,小暑
过敏性鼻炎,慢性疾病,属于,小暑
心力衰竭,内心脆弱,可能由,小暑
心力衰竭,供血不足,导致,小暑
供血不足,头痛,导致,小暑
小暑,高温天气,是,小暑
大暑,二十四节气,属于,大暑
冷饮,老年体弱者,忌食,大暑
凉席,室外,用于,大暑
情绪中暑,头痛,导致,大暑
情绪中暑,鼻塞流涕,导致,大暑
情绪中暑,喉痛咽障碍,导致,大暑
情绪中暑,心肌缺血,导致,大暑
情绪中暑,心律失常,导致,大暑
情绪中暑,猝死,可能导致,大暑
老年体弱者,情绪中暑,易发,大暑
情绪中暑,身心,影响,大暑
情绪中暑,恶寒,引起,大暑
大暑,夏日,对应,大暑
夏日,养生,需要,大暑
情绪,心肌缺血,与,大暑
情绪,心律失常,与,大暑
心静,情绪,防治,未知
心静,阴暑,防治,未知
心静,消化道症状,防治,未知
心静,呕吐,防治,未知
心静,腹泻,防治,未知
六月,二十四节气,属于,未知
阴暑,消化道症状,属于,未知
阴暑,天气,对应,未知
月令七十二候集解,阴暑,记载,未知
时病论,暑热,提出,小暑
时病论,心理纳凉,提出,小暑
时病论,心理暗示,提出,小暑
时病论,心理纳凉法,提出,小暑
时病论,心病,提出,小暑
时病论,热气,提出,小暑
时病论,阴寒,提出,小暑
时病论,调整情绪,提出,小暑
孝经援神契,小暑,记载,小暑
孝经援神契,大暑,记载,小暑
孝经援神契,六月,记载,小暑
暑热,心,对应脏腑,小暑
阴寒,心,对应脏腑,小暑
心理纳凉,心理暗示,属于,小暑
心理纳凉,心理纳凉法,属于,小暑
心理暗示,心理纳凉法,属于,小暑
调整情绪,心理暗示,属于,小暑
调整情绪,心理纳凉法,属于,小暑
大暑,中暑,对应,大暑
大暑,阴暑证,对应,大暑
大自然,绿树摇曳,包含,大暑
大自然,飞泉漱玉,包含,大暑
大自然,心平气和,使,大暑
大暑,节气,属于,大暑
大暑,二伏,对应时间,大暑
大暑,高温天气,常伴随,大暑
暑气,心气,逼人,大暑
老人,阴暑,易患,大暑
儿童,阴暑,易患,大暑
阴暑,中暑,对应,大暑
大暑,降温,需要,大暑
立秋,二十四节气,属于,大暑
受凉,上呼吸道感染,引起,立秋
寒冷刺激,上呼吸道感染,引起,立秋
人体,寒冷刺激,受,立秋
工作,人体,涉及,立秋
立秋,呕吐,诱发,立春
立秋,腹泻,诱发,立春
立秋,口眼歪斜,诱发,立春
立秋,中风,诱发,立春
立秋,半身瘫痪,诱发,立春
防暑降温的饮料,药品,属于,立春
七月,立秋,对应,立春
阴暑证,乏力,对应症状,立秋
阴暑证,头昏,对应症状,立秋
阴暑证,心悸,对应症状,立秋
阴暑证,胸闷,对应症状,立秋
阴暑证,口渴,对应症状,立秋
阴暑证,恶心,对应症状,立秋
贪凉,阴暑证,可能导致,立秋
立秋,万物,始杀,立秋
秋训示,中暑,对应脏腑,立秋
中暑先兆,中暑,属于,立秋
通风处,中暑先兆,用于,立秋
淡盐开水,中暑先兆,宜食,立秋
绿豆汤,中暑先兆,宜食,立秋
西瓜汁,中暑先兆,宜食,立秋
立秋,凉风至,对应气候,立秋
大暑,盛夏,属于,大暑
大暑,肝,对应脏腑,大暑
大暑,肝火,导致,大暑
大暑,心烦意乱,导致,大暑
大暑,无精打采,导致,大暑
大暑,思维紊乱,导致,大暑
大暑,急躁焦虑,导致,大暑
大暑,高温,具有,大暑
大暑,余热,具有,大暑
大暑,秋阳,具有,大暑
立秋,肝,对应脏腑,大暑
立秋,秋季,属于,大暑
立秋时节,秋季,属于,大暑
盛夏,夏季,属于,大暑
盛夏,高温,具有,大暑
盛夏,余热,具有,大暑
余热,心烦意乱,导致,大暑
余热,无精打采,导致,大暑
余热,思维紊乱,导致,大暑
秋阳,心烦意乱,导致,大暑
秋阳,急躁焦虑,导致,大暑
藿香叶,芳香化浊,具有,大暑
藿香叶,清解湿热,具有,大暑
佩兰叶,芳香化浊,具有,大暑
佩兰叶,清解湿热,具有,大暑
飞滑石,清解湿热,具有,大暑
水煎代茶饮,芳香化浊,具有,大暑
水煎代茶饮,清解湿热,具有,大暑
炎热,高温,属于,大暑
炎热,心烦意乱,导致,大暑
炎热,急躁焦虑,导致,大暑
情绪,急躁焦虑,导致,大暑
情绪,心烦意乱,导致,大暑
气象资料表,气候,记录,大暑
暑热,高温,对应,大暑
秋老虎,夏日,属于,大暑
大暑,时节,属于,大暑
酷暑,时节,属于,大暑
白天,天气逐渐凉爽,对应,大暑
天气逐渐凉爽,天气,属于,大暑
下丘脑,情绪,影响,大暑
下丘脑,神经活动,影响,大暑
下丘脑,内分泌,影响,大暑
内分泌,激素,分泌,大暑
空调房间,下丘脑,影响,大暑
晚上,庭院,对应,大暑
白天,夜晚,与,大暑
白天,酷暑,与,大暑
夜晚,凉爽,与,大暑
中暑,神经活动,与,大暑
解放军健康,刘书龙,责任编辑,立秋
处暑,白露,之后,立秋
白露,节气,属于,立秋
白露节气,节气,属于,立秋
白露节,节气,属于,立秋
节气与养生,摄取营养,宜,立秋
节气与养生,调盆,宜,立秋
节气与养生,沐浴,宜,立秋
节气与养生,养生,属于,立秋
节气与养生,进补,对应,立秋
节气与养生,摄取营养,对应,立秋
节气与养生,调盆,对应,立秋
节气与养生,沐浴,对应,立秋
白露,夏季,对应季节,雨水
处暑,炎热,对应气候,雨水
处暑,白露,对应节气,雨水
处暑,流汗,对应行为,雨水
处暑,赤膊露体,对应行为,雨水
空气的湿,气候,属于,雨水
夏季,饮食,消耗,雨水
白露,露身,对应行为,雨水
炎热,处暑,对应节气,雨水
白露,气候冷,对应气候,白露
气候冷,气候干燥,导致,白露
气候干燥,燥则润之,对应治法,白露
早晚,凉意,具有,白露
白露,养阴清热润燥,对应养生原则,白露
养阴清热润燥,养阴,包含,白露
养阴清热润燥,清热,包含,白露
凉意,受凉感冒,易导致,白露
赤膊露体,受凉感冒,易导致,白露
穿着短裤,受凉感冒,易导致,白露
天气,温度,影响,白露
天气,养生,影响,白露
处暑,白露,对应时节,处暑
白露,大便干结,导致,处暑
白露,脾胃虚弱,患有,处暑
白露,节气,属于,白露
秋燥,气候干,由于,白露
秋燥,肺,对应脏腑,白露
气候干,气候,属于,白露
体质者,莲子,宜食,白露
体质者,山药,宜食,白露
体质者,扁豆,宜食,白露
酸味饮食,肺燥,收敛,白露
酸味饮食,过敏性疾病,造成,白露
海腥鱼虾,体质者,忌食,白露
生冷腌菜,体质者,忌食,白露
辛辣酸咸甘,体质者,忌食,白露
辛味饮食,肺气,发散,白露
秋燥,咳嗽少痰,发展为,白露
秋燥,咽干,发展为,白露
立秋,节气,对应时节,立秋
立秋,早卧早起,应遵循,立秋
立秋,酸味果蔬,宜食,立秋
立秋,葱,忌食,立秋
立秋,姜,忌食,立秋
处暑,节气,对应时节,立秋
处暑,秋高气爽,时节特征,立秋
处暑,旅游,宜进行,立秋
旅游,花粉热,易引发,立秋
秋燥,鼻燥口干,易导致,立秋
秋燥,手脚心热,易导致,立秋
秋燥,感冒,易导致,立秋
秋燥,花粉热,易导致,立秋
起居,早卧早起,应遵循,立秋
花粉热,过敏,属于,立秋
花粉热,秋燥,与,立秋
增强,身体,作用于,立秋
增强,人体,作用于,立秋
增强,体质,作用于,立秋
立秋,早晨,对应时间,立秋
锻炼身体,早晨,最佳时间,立秋
休息,身体,有助于,立秋
睡眠,身体,有助于,立秋
花粉热,花粉,可能由,立秋
气候,天高气爽,表现为,立秋
抗原抗体,机体,作用于,立秋
白露,秋天,属于,立秋
立秋,清晨,对应时间,立秋
清晨,早晨,属于,立秋
晨练,早晨,开始时间,立秋
晨练,清幽之处,发生地点,立秋
立秋,饮食养生,重点养生,立秋
饮食养生,秋燥,防治,立秋
白露,饮食养生,属于,白露
饮食养生,吐纳,包括,白露
饮食养生,叩齿,包括,白露
饮食养生,咽津,包括,白露
饮食养生,调息,包括,白露
江河湖畔,锻炼,用于,白露
林荫道,锻炼,用于,白露
吐纳,功法,属于,白露
叩齿,功法,属于,白露
咽津,功法,属于,白露
调息,功法,属于,白露
燥益气,益气,功效,白露
健脾,脾,属于,白露
补肝,肝,属于,白露
清肺,肺,属于,白露
秋燥,寒凉,宜食,处暑
秋燥,蔬菜,宜食,处暑
体育锻炼,秋燥,预防,处暑
精神的调养,平和的心态,对应,处暑
多饮水,皮肤干裂,防止,处暑
处暑,秋季,对应,处暑
处暑,平和的心态,宜养,处暑
处暑,水果,饮食调理,立秋
水果,维生素,含有,立秋
水果,矿物质,含有,立秋
维生素,体内,中和,立秋
碱性食物,清火,具有,立秋
碱性食物,解毒,具有,立秋
西红柿,水果,属于,立秋
辣椒,水果,属于,立秋
葡萄,水果,属于,立秋
豆类,植物,属于,立秋
处暑,立秋,紧跟,立秋
处暑,月日,交节时间,立秋
油腻,秋乏,导致,立秋
处暑,黄经度,对应,立秋
秋乏,体液偏酸,有关,处暑
烧烤,秋燥,忌食,处暑
人参,秋燥,宜食,处暑
沙参,秋燥,宜食,处暑
麦冬,秋燥,宜食,处暑
川贝,秋燥,宜食,处暑
处暑,肺,对应脏腑,处暑
胖大海,益气滋,具有,处暑
胖大海,养肺化痰,具有,处暑
冬虫夏草,益气滋,具有,处暑
冬虫夏草,养肺化痰,具有,处暑
物质,疲劳,消除,处暑
处暑,白露,时节,处暑
三伏天,处暑,时节,处暑
处暑,温食,宜食,处暑
处暑,寒凉,忌食,处暑
处暑,生冷瓜果,忌食,处暑
处暑,胃气,对应脏腑,处暑
处暑,腹泻,可能导致,处暑
处暑,痢疾,可能导致,处暑
处暑,白露,对应节气,处暑
处暑,二十四节气,对应节气,处暑
处暑,四节气,对应节气,处暑
处暑,夏天,对应节气,处暑
处暑,秋老虎,对应节气,处暑
处暑,月日前后,发生时间,处暑
老人,腹泻,易受,处暑
老人,痢疾,易受,处暑
儿童,腹泻,易受,处暑
儿童,痢疾,易受,处暑
秋分,二十四节气,属于,秋分
寒露,二十四节气,属于,秋分
秋天,季节,属于,秋分
寒露,秋天,对应季节,秋分
寒露,感冒,引起,秋分
寒露,胃病,诱发,秋分
秋分,节气,属于,秋分
秋分,秋季,属于,秋分
哮喘,高血压,复发,秋分
哮喘,冠心病,复发,秋分
哮喘,糖尿病,复发,秋分
上呼吸道,哮喘,受累,秋分
中老年人,糖尿病,患,秋分
寒露,秋分,开始,秋分
秋分,昼夜平分,对应,秋分
秋季,肺,对应脏腑,秋分
饮食调养,酸味,宜食,秋分
夜分,宵中,对应,秋分
春秋繁露,阴阳出入,包含,秋分
阴阳出入,肺,对应,秋分
辛味,发散,功效,秋分
秋分,精神调养,宜,秋分
秋分,葱,忌,秋分
秋分,姜,忌,秋分
秋分,寒暑平,气候,秋分
秋分,昼夜均,对应,秋分
昼夜均,寒暑平,对应,秋分
秋分,秋天,属于,秋分
秋分,北半球,是,秋分
秋分,秋天,开始,秋分
秋分,情绪不稳,引起,秋分
秋分,忧郁心情,引起,秋分
秋分,唇干,导致,秋分
秋分,干燥,导致,秋分
酸味甘润的果蔬,秋分,宜食,秋分
情绪不稳,心,对应,秋分
忧郁心情,心,对应,秋分
秋燥,津液,伤,秋分
心,太阳,对应脏腑,秋分
宣泄积郁之情,养生保健,属于,秋分
乐观,养生保健,属于,秋分
淮山,润肺生津,功效,寒露
柿子,润肺生津,功效,寒露
芝麻,润肺生津,功效,寒露
鸭肉,润肺生津,功效,寒露
冷空气,降水,导致,寒露
寒露,心脑血管病,应警惕,寒露
心脑血管病,心,属于,寒露
心脑血管病,血管,属于,寒露
心脑血管病,血,属于,寒露
润肺,养阴,属于,寒露
生津,养阴,属于,寒露
身体锻炼,机体,增强,寒露
机体,疾病,抵抗,寒露
机体,气候变化,适应,寒露
气候变化,血压升高,导致,寒露
寒冷,血液黏稠度,使,秋分
寒露,闭藏,对应,秋分
自然,阳气,使,秋分
阳气,收敛,趋向,秋分
节气,月日前后,对应,秋分
秋三月,心,对应脏腑,寒露
秋三月,黄经,宜食,寒露
寒露,节气,属于,寒露
早起,阳气,对应脏腑,寒露
早卧,阴精,对应脏腑,寒露
防寒保暖,心脑血管病,对应脏腑,寒露
添衣,心脑血管病,对应脏腑,寒露
凝结,心脑血管病,对应脏腑,寒露
寒露,时节,属于,秋分
寒露,秋分,对应节气,秋分
寒露,大便通畅,需保持,秋分
寒露,发怒急躁,忌,秋分
寒露,精神抑郁,忌,秋分
寒露,心境,影响,秋分
寒露,起居,涉及,秋分
寒露,饮食,涉及,秋分
寒露,精神,涉及,秋分
寒露,运动,涉及,秋分
御寒,锻炼,属于,秋分
御寒,机体,提高,秋分
秋分,霜冻,引起,秋分
江南,霜冻,出现,秋分
秋分,肃杀之气,对应,秋分
秋分,收敛神气,应,秋分
秋分,容平之气,适应,秋分
秋分,寒露,对应节气,雨水
秋分,霜降,对应节气,雨水
寒露,节气,属于,雨水
霜降,节气,属于,雨水
秋分,运动锻炼,宜,雨水
运动锻炼,登山,包括,雨水
运动锻炼,慢跑,包括,雨水
运动锻炼,散步,包括,雨水
运动锻炼,打球,包括,雨水
运动锻炼,游泳,包括,雨水
运动锻炼,洗冷水浴,包括,雨水
寒流,秋分,南下,雨水
昼热夜凉,气候,属于,雨水
月日前后,时间,属于,霜降
太阳,禽戏,到,霜降
太阳,打太极拳,到,霜降
太阳,做八段锦,到,霜降
太阳,练健身操,到,霜降
寒气,万物逐渐萧落,增长,霜降
万物逐渐萧落,寒气,对应,霜降
动功,六字诀默念呼气练功法,进行,霜降
动功,内气功,进行,霜降
阳气,阴气,渐退,霜降
阴气,阳气,渐生,霜降
霜降,九月中,在,霜降
六字诀默念呼气练功法,功法,属于,霜降
内气功,功法,属于,霜降
意守功,动静结合,属于,霜降
动静结合,强身,功效,霜降
动静结合,养保体内的生理阴阳平衡,功效,霜降
霜降,节气,属于,霜降
立冬,节气,属于,霜降
立冬,冬天,属于,霜降
冬天,天寒地冻,对应,霜降
冬天,万木凋零,对应,霜降
冬天,闭藏,对应,霜降
寒潮,昼夜温差,影响,霜降
冬季,立冬,养生,立冬
立冬,二十四节气,属于,立冬
立冬,节气,属于,立冬
冬季,闭藏,顺应,立冬
冬季,敛阴护阳,以,立冬
皮肤,闭藏,顺应,立冬
呼吸,闭藏,顺应,立冬
气,闭藏,是,立冬
立冬,心,对应脏腑,立冬
立冬,阴阳转换,引起,立冬
立冬,血管,影响,立冬
立冬,早睡晚起,宜,立冬
立冬,万物收藏,与,立冬
月令七十二候集解,立冬,记载,立冬
衣着,感冒,过少过薄,立冬
衣着,感冒,过多过厚,立冬
立冬,冬季,属于,立冬
保暖,感冒,预防,立冬
冷天哮喘,寒邪,不得潜藏,霜降
立冬,冬季,开始,立冬
高血压,阳气,伤,立冬
阳气,太阳,对应,立冬
平均气温,冬季,划分,立冬
太阳,自然,赐予,立冬
人体,阳气,含有,立冬
人体,血,含有,立冬
万物,人体,依赖,立冬
黄淮地区,气候,具有,立冬
脾胃,阳气,具有,立冬
脾胃,新陈代谢,影响,立冬
立冬,阳气,时节,立冬
立冬,新陈代谢,时节,立冬
安岭以北地区,月上旬,对应时间,未知
安岭以北地区,胃病,导致,未知
安岭以北地区,冬季,处于,未知
慢性胃炎,饮食调养,需要,未知
饮食调养,少食生冷,遵循,未知
北京地区,月下旬,处于,未知
北京地区,冬天,处于,未知
和胃十二指肠溃疡病,复发,具有,未知
和胃十二指肠溃疡病,躁热之物,忌食,未知
小雪节气,节气,属于,立冬
小雪节气,冬季,对应时间,立冬
寒冷,植物神经功能,刺激,立冬
植物神经功能,紊乱,易发,立冬
植物神经功能,胃肠蠕动,影响,立冬
人体,增强,新陈代谢,立冬
人体,牛羊肉,宜食,立冬
人体,乌鸡,宜食,立冬
人体,鲫鱼,宜食,立冬
人体,豆浆,宜食,立冬
人体,牛奶,宜食,立冬
人体,新鲜蔬菜,宜食,立冬
人体,萝卜,宜食,立冬
人体,青菜,宜食,立冬
冬季,寒冷,对应,立冬
冬天,防寒,需要,未知
立冬,补冬,对应习俗,立冬
补冬,进补,属于,立冬
寒冷,老寒腿,导致,立冬
老寒腿,骨性关节炎,属于,立冬
老寒腿,膝关节,涉及,立冬
老年人,老寒腿,易患,立冬
小雪,二十四节气,属于,小雪
大雪,二十四节气,属于,小雪
天气越来越冷,心,对应脏腑,小雪
风萧萧,抑郁症,对应症状,小雪
雪花飘飘,抑郁症,对应症状,小雪
降温,抑郁症,导致,小雪
降雪,抑郁症,导致,小雪
天气越来越冷,抑郁症,导致,小雪
气温骤降,咳嗽感,可能导致,小雪
气温骤降,疲劳,可能导致,小雪
气温骤降,失眠,可能导致,小雪
气温骤降,肠胃不适,可能导致,小雪
气温骤降,持续的头痛,可能导致,小雪
小雪,节气,属于,小雪
小雪,冬季,属于,小雪
气温骤降,抑郁症,与,小雪
抑郁症,咳嗽感,可能表现为,小雪
抑郁症,疲劳,可能表现为,小雪
抑郁症,失眠,可能表现为,小雪
抑郁症,肠胃不适,可能表现为,小雪
抑郁症,持续的头痛,可能表现为,小雪
背痛,寒邪,最容易受,小雪
寒邪,天气,属于,小雪
寒邪,地气,属于,小雪
小雪节气,节气,属于,小雪
呼吸道感染,感染,属于,小雪
寒冷,冬季,对应季节,小雪
冬季,小雪,对应节气,小雪
脚部,保暖,应注意,小雪
大雪,节气,属于,小雪
添衣保暖,关节炎,适用于,小雪
添衣保暖,消化系统疾病,适用于,小雪
干燥,湿润,被抵消,小雪
空气的湿,呼吸,影响,小雪
小雪,季节,属于,小雪
大雪,季节,属于,小雪
抑郁,抑郁症,与,小雪
季节,抑郁症,影响,小雪
南方,广州,位于,未知
户外活动,增强体质,用于,未知
此节气,深秋,是,未知
此节气,气候干燥,具有,未知
气候干燥,神经系统,影响,未知
气候干燥,大脑,影响,未知
气候干燥,肌肉,影响,未知
气候干燥,心脏,影响,未知
深秋,气候干燥,对应,未知
大脑,神经系统,属于,未知
肌肉,神经系统,属于,未知
心脏,神经系统,属于,未知
羟色胺,大脑,存在于,未知
听音乐,神经系统,有助于,未知
听音乐,大脑,有助于,未知
听音乐,肌肉,有助于,未知
听音乐,心脏,有助于,未知
人脑,羟色胺,产生,小雪
羟色胺,物质,相关物质,小雪
衣服,风邪,防止,小雪
衣服,寒气,防止,小雪
大雪,降雪,伴随,小雪
大雪,冰冻,伴随,小雪
豆浆,白糖,加入,小雪
豆浆,芹菜,加入,小雪
豆浆,香菇,加入,小雪
小雪节气,阴冷晦暗,天气特征,小雪
阴冷晦暗,人脑,易伤,小雪
芹菜,抑郁症,忌食,大雪
香菇,抑郁症,忌食,大雪
心情,芹菜,受,大雪
心情,香菇,受,大雪
大雪,时节,属于,大雪
大雪,养生,对应,大雪
进补,大雪,适合,大雪
进补,营养,对应,大雪
抑郁症,工作,导致,大雪
大雪,月日,对应,大雪
大雪,十一月,属于,大雪
羊肉,大雪,宜食,大雪
洋葱,大雪,宜食,大雪
山药,食物,属于,未知
桂圆,食物,属于,未知
香菜,食物,属于,未知
生姜,食物,属于,未知
辣椒,食物,属于,未知
抑郁症,贫血,与,大雪
抑郁症,胃肠疾病,与,大雪
阳气,阴气,与,大雪
冬至,四节气,属于,大雪
冬至,冬季,属于,大雪
冬至,温中,具有,大雪
冬至,益气,具有,大雪
冬至,补精,具有,大雪
冬至,添髓,具有,大雪
严寒,搓手,时节,大雪
搓手,大脑,对,大雪
身体,锻炼,可,大雪
手指,锻炼,可,大雪
节气与养生,刘书龙,责任编辑,大雪
冬季,六个节气,包含,大雪
蛋类,豆制品,宜食,冬至
搓手,血液循环,促进,冬至
搓手,新陈代谢,促进,冬至
体育锻炼,动静结合,需要,冬至
体育锻炼,登山,包括,冬至
体育锻炼,感冒,预防,冬至
老年人,防寒保暖,需要,冬至
天气寒冷,冻伤,易导致,冬至
寒冷的感觉,冷辐射,对应,冬至
寒冷的感觉,血液循环障碍,导致,冬至
寒冷的感觉,神经、肌肉活动缓慢,导致,冬至
寒冷的感觉,血压升高,导致,冬至
寒冷的感觉,心跳加快,导致,冬至
寒冷的感觉,尿量增加,导致,冬至
冬至,白天最短,具有,冬至
冬至,黑夜最长,具有,冬至
小寒,节气,属于,冬至
寒冷的感觉,胃病,可能引发,冬至
寒冷的感觉,关节炎,可能引发,冬至
冬至,月日前后,对应时间,冬至
心肌梗死,脑梗,属于,冬至
心肌梗死,脑出血,属于,冬至
心肌梗死,胃出血,属于,冬至
冷辐射综合症,冷辐射,由,冬至
小寒,十二月,对应节气,小寒
饮食养生,三九,宜,小寒
二月,节气,属于,冬至
冬至,数九,开始,冬至
数九,九九八十一,对应,冬至
严寒,阴阳气血,消耗,冬至
阴阳气血,阴阳,属于,冬至
阴阳气血,气血,属于,冬至
阴阳气血,阳气,属于,冬至
阴阳气血,血,属于,冬至
群芳谱,进补,会有所偏衰,冬至
进补,气,补充,冬至
寒冷,九九,结束,冬至
血津液,严寒,抵御,冬至
血津液,血,属于,冬至
血津液,津液,属于,冬至
小寒,三九天,正值,小寒
冬令,食补,进补,小寒
冬令,温补,进补,小寒
冬令,补药,进补,小寒
补药,人参,包括,小寒
早卧,作息,属于,小寒
晚起,作息,属于,小寒
避寒就温,作息,属于,小寒
黄河流域,早卧,宜,小寒
黄河流域,严冬,进入,小寒
严冬,晚起,宜,小寒
严冬,避寒就温,宜,小寒
土壤冻结,寒威,属于,小寒
河流封冻,寒威,属于,小寒
冬月,清早出夜深归,不宜,小寒
清早出夜深归,寒威,冒犯,小寒
大寒,小寒,应冷于,小寒
小寒,大寒,往往比,小寒
阳气血,食物之性,结合,小寒
羊肉,阳气血,宜食,小寒
狗肉,阳气血,宜食,小寒
猪肉,阳气血,宜食,小寒
鸡肉,阳气血,宜食,小寒
鸭肉,阳气血,宜食,小寒
鳝鱼,阳气血,宜食,小寒
甲鱼,阳气血,宜食,小寒
鲅鱼,阳气血,宜食,小寒
海虾,阳气血,宜食,小寒
核桃仁,阳气血,宜食,小寒
大枣,阳气血,宜食,小寒
调神,清静,宜,小寒
调神,摒除不良情志刺激,宜,小寒
睡眠,睡眠勿蒙头,宜,小寒
被褥,被褥不可太热,宜,小寒
全年,二十四节气,包含,未知
冷在三九,三九,对应,未知
三九,二十四节气,属于,未知
龙眼,运动养生,宜食,未知
芝麻,运动养生,宜食,未知
山药,运动养生,宜食,未知
莲子,运动养生,宜食,未知
百合,运动养生,宜食,未知
栗子,运动养生,宜食,未知
锻炼,伤风感冒,易伤,冬至
伤风感冒,南方,常见于,冬至
冬至,气寒,节气内,冬至
小寒,气寒,节气内,冬至
大寒,气寒,节气内,冬至
锻炼,热身活动,需进行,冬至
气温,骤起骤降,变化,冬至
衣着,骤寒骤热,避免,冬至
小寒,大寒,胜,冬至
体表,血管,包含,冬至
肌肉,受凉感冒,容易,冬至
受凉,感冒,导致,冬至
寒冷,黏滞,导致,冬至
鼻腔黏膜,血管,含有,冬至
鼻腔黏膜,分泌液,含有,冬至
鼻腔黏膜,加温,可,冬至
鼻腔黏膜,五脏,对应脏腑,冬至
冬令,小寒,包含,冬至
三九,节气,属于,冬至
冬至,节气,属于,冬至
一九,节气,属于,冬至
进补,一九,发生在,冬至
进补,三九,发生在,冬至
冷空气,气候,属于,冬至
污染物,气候,属于,冬至
细菌,气候,属于,冬至
冬至,冬至一阳生,对应,冬至
冬至,小寒,对应,冬至
鼻腔黏膜,血管,包含,冬至
冷空气,鼻腔,进入,冬至
大寒,二十四节气,属于,大寒
老年人,咳嗽,易患,大寒
咳嗽,春寒,与,大寒
春寒,生理功能,破坏,大寒
冬季,感染,易感,大寒
感染,咳嗽,导致,大寒
春捂,气,对应脏腑,未知
月日前后,黄经,对应黄经,未知
早晚,开窗,宜行,未知
秋冻,养生保健,对应养生保健,未知
居室,空气的湿,对应空气的湿,未知
春捂,阳气生发,顺应,小寒
洒点水,晾一些湿毛巾,属于,小寒
洒点水,预防疾病,用于,小寒
晾一些湿毛巾,预防疾病,用于,小寒
自我保健,养生,属于,小寒
自我保健,预防疾病,用于,小寒
大寒,小寒,对应,小寒
阳气生发,阳气,属于,小寒
阳气生发,气,属于,小寒
大寒,数九寒天,属于,大寒
数九寒天,四九,包含,大寒
功能性空调,大寒,可用于,大寒
加湿器,大寒,可用于,大寒
春天,薄衣,忌,大寒
北方地区,数九寒天,在,大寒
空气湿度,北方地区,增加,大寒
空气湿度,伤寒,导致,大寒
空气湿度,霍乱,导致,大寒
空气湿度,食不消,导致,大寒
空气湿度,头痛,导致,大寒
明代,汪绮石,作者,大寒
冷空气,受寒,导致,大寒
天气寒冷,受寒,导致,大寒
天气寒冷,寒则伤肺,导致,大寒
大寒,天气寒冷,属于,大寒
饮食,热量,宜,大寒
饮食,棉衣,宜,大寒
寒则伤肺,肺,影响,大寒
天气寒冷,气寒,对应,大寒
天气寒冷,干燥,对应,大寒
雨雪,天气寒冷,较少,大寒
棉衣,防寒,用于,大寒
春防风,防寒,用于,大寒
寒则伤肺,流行性,导致,大寒
体质,感冒,影响,立春
起居,感冒,影响,立春
起居,肺,影响,立春
起居,支气管炎,影响,立春
寒冷,老年人,导致,立春
寒冷,感冒,导致,立春
寒冷,肺,导致,立春
寒冷,支气管炎,导致,立春
春捂,感冒,预防,立春
春捂,支气管炎,预防,立春
立春,肺,对应脏腑,立春
春捂,心,对应脏腑,立春
春捂,保暖,宜,立春
春捂,晚起,宜,立春
春捂,早晚,对应时间,立春
春捂,中午,对应时间,立春
春捂,下午,对应时间,立春
春捂,立春,对应时间,立春
春捂,二十四节气,对应时间,立春
春捂,节气,对应时间,立春
春捂,天气,对应概念,立春
春捂,气寒,对应概念,立春
春捂,腠理,对应概念,立春
春捂,太阳,对应概念,立春
春捂,黄经,对应概念,立春
春捂,经°时,对应概念,立春
春捂,老年人,对应人群,立春
春捂,心病,对应疾病,立春
春捂,心绞痛,对应疾病,立春
春捂,脑血管病,对应疾病,立春
春捂,摄生,对应来源,立春
春捂,消息论·春季篇,对应来源,立春
立夏,时节,属于,立春
大寒,时节,属于,立春
阳光,身体,宜食,立春
立春,身体,保养,立春
冬季,呼吸道疾病,是,立春
冬季,流感,是,立春
冬季,麻疹,是,立春
冬季,肺结核,是,立春
立春,血液循环,促进,立春
立春,新陈代谢,促进,立春
立春,晒太阳,宜进行,立春
立春,居室内的环境卫生,应注意,立春
立春,开窗通风,应注意,立春
立春,阳光充足,改善,立春
冬季,晒太阳,宜进行,立春
晒太阳,身体健康,不宜过多,立春
体育锻炼,散步,属于,立春
体育锻炼,慢跑,属于,立春
体育锻炼,做操,属于,立春
清晨,时间,属于,立春
平均气温,体育锻炼,影响,立春
晒太阳,身体健康,对,立春
霜冻,大寒,出现于,大寒
爬山,新陈代谢,加速,大寒
气候变化,抵抗疾病,影响,大寒
气,干燥,对应,立春
白天,湿度,具有,立春
立春,此节气,出现,立春
居室,湿度,具有,立春
气,干燥,属于,立春
大脑,保健,保健不利,立春
心脏,保健,保健不利,立春
立春,冬寒,对应,立春
立春,春暖,对应,立春
立春,阴退阳长,对应,立春
立春,寒去热来,对应,立春
老年人,干燥的空气,容易因,立春
立春,阴退阳长,处于,立春
立春,寒去热来,处于,立春
严冬,蛰伏,对应状态,雨水
雨水,二十四节气,属于,雨水
太阳,黄经,到达,雨水
斗指壬,雨水,对应SolarTerm,雨水
养脾,阴阳协调,对应Concept,雨水
养脾,气机顺畅,对应Concept,雨水
养脾,养生健身,属于,雨水
风解冻,冰雪皆散,对应DiseaseSymptom,雨水
养气,养生之要,属于,雨水
养气,养生,对应Technique,雨水
春天,脾胃,对应脏腑,雨水
春天,生长,具有,雨水
雨水,季节,属于,雨水
生命之本,脾胃,对应脏腑,雨水
养生,自然,顺应,雨水
踏青,养生,属于,雨水
立春,脾,对应脏腑,立春
运动,阳气,助阳,立春
运动,新陈代谢,增强,立春
运动,血液循环,增强,立春
雨水,防老抗衰,含有,雨水
雨水,调节中枢神经系统,含有,雨水
雨水,提高思维能力,含有,雨水
雨水,天气回暖,对应,雨水
调养脾胃,腿部力量增强,使,雨水
调养脾胃,筋骨变得更加灵健,使,雨水
饮食调节,睡眠,可改善,雨水
药物调养,睡眠,可改善,雨水
起居劳逸调,睡眠,可改善,雨水
初春,风常拂,天气转暖,雨水
初春,物燥,气候特点,雨水
初春,多汁水果,宜食,雨水
初春,水分,宜食,雨水
初春,嘴唇干裂,防止,雨水
初春,唇干,防止,雨水
初春,干裂,防止,雨水
初春,倒春寒,防止,雨水
雨水节气,物燥,气候特点,雨水
雨水节气,多汁水果,宜食,雨水
雨水节气,水分,宜食,雨水
雨水节气,嘴唇干裂,防止,雨水
雨水节气,唇干,防止,雨水
雨水节气,干裂,防止,雨水
雨水节气,倒春寒,防止,雨水
惊蛰,嘴唇干裂,防止,雨水
惊蛰,唇干,防止,雨水
惊蛰,干裂,防止,雨水
惊蛰,倒春寒,防止,雨水
肥胖,减肥,需要,雨水
倒春寒,春寒,症状,雨水
雨水,肝,对应脏腑,雨水
雨水,脾,对应脏腑,雨水
老年人,油腻,应避免,雨水
雨水,冷空气,天气变化,雨水
雨水,酸味,应少吃,雨水
雨水,韭菜,宜食,雨水
雨水,香椿,宜食,雨水
雨水,百合,宜食,雨水
雨水,豆苗,宜食,雨水
雨水,荠菜,宜食,雨水
雨水,春笋,宜食,雨水
雨水,山药,宜食,雨水
雨水,萝卜,宜食,雨水
雨水,甘蔗,宜食,雨水
雨水,脾脏,养脾,雨水
雨水,过度疲劳,忌,雨水
惊蛰,气温,气温回升,雨水
惊蛰,春风,春风,雨水
惊蛰,倒春寒,出现,雨水
倒春寒,寒潮,属于,雨水
天气,困乏,导致,未知
天气,精神,导致,未知
药物调养,升发阳气,属于,未知
升发阳气,脾胃,对应脏腑,未知
春困,脾胃,对应脏腑,未知
沙参,春困,宜食,未知
西洋参,春困,宜食,未知
决明子,春困,宜食,未知
白就,春困,宜食,未知
菊花,春困,宜食,未知
首乌粉,春困,宜食,未知
补中益气汤,春困,宜食,未知
春捂,补中益气汤,对应技术,未知
初春,肝,对应脏腑,未知
初春,心平气和,宜保持,未知
冬天,皮肤,影响,未知
冬天,血管,影响,未知
精神,生理机能,对应,未知
精神,心平气和,对应,未知
精神,妄动肝火,忌,未知
气候变化,生理机能,影响,未知
气候变化,精神,影响,未知
春季,肝,影响,未知
初春,阳气,阳气渐生,雨水
初春,时节,对应时节,雨水
气候,起居劳逸调,起居劳逸调摄,雨水
气候,自然,顺应,雨水
气候,生机,保护,雨水
温度,升高,升高,雨水
温度,气温,升高,雨水
北方,阴气,阴气未尽,雨水
冷空,自然,循自然变化,雨水
毛孔,皮肤腠理,舒展,雨水
气温,气温变化,变化大,雨水
雨水时节,时间,对应时间,雨水
雨水时节,空间,对应空间,雨水
雨水时节,气候,对应气候,雨水
大脑,氧气,氧气减少,雨水
人体,懒洋洋,出现症状,雨水
人体,软绵绵,出现症状,雨水
人体,无精打采,出现症状,雨水
人体,昏沉欲睡,出现症状,雨水
春天,延年益寿,达到目的,雨水
春天,脾胃,健运,雨水
春天,后天,调养,雨水
春困,风寒之邪,由,雨水
风寒之邪,春困,致病,雨水
雨水时节,湿润,具有,雨水
雨水时节,燥热,不具有,雨水
雨水时节,春季,属于,雨水
惊蛰,一年中,属于,雨水
惊蛰,节气,属于,雨水
春季养生原则,起居劳作,包括,雨水
春季养生原则,调养脾胃,包括,雨水
调养脾胃,脾胃,对应脏腑,雨水
调养脾胃,脾,对应脏腑,雨水
脾,消化水谷,具有功能,惊蛰
脾,运送精微,具有功能,惊蛰
脾,营养五脏,具有功能,惊蛰
脾,阳气一样舒展畅达,具有功能,惊蛰
脾,生机勃发,具有功能,惊蛰
惊蛰,二月节,对应节气,惊蛰
六腑,五脏,属于,惊蛰
四肢百骸,六腑,属于,惊蛰
气血生化,起居,发生于,惊蛰
起居,早卧早起,宜,惊蛰
惊蛰,节气,属于,惊蛰
惊蛰,天气回暖,对应,惊蛰
惊蛰,春雷始鸣,对应,惊蛰
水谷之海,气,有益气、化生、营血,惊蛰
气,营卫,参与,惊蛰
气,春困,缓解,惊蛰
气,疲劳感,缓解,惊蛰
老人,午睡,宜,惊蛰
午睡,疲劳感,缓解,惊蛰
春困,疲劳感,导致,惊蛰
昆虫,冬眠,处于,惊蛰
脾胃,脾,对应脏腑,惊蛰
脾胃,气机升降,促进,惊蛰
脾胃,机体,协调,惊蛰
脾胃,新陈代谢,促进,惊蛰
脾胃,生命活动,促进,惊蛰
室内,氧气,含有,惊蛰
郊野,踏青,促进,惊蛰
踏青,呼吸,促进,惊蛰
呼吸,大脑,促进,惊蛰
呼吸,精神,促进,惊蛰
呼吸,舒畅心胸,促进,惊蛰
呼吸,清醒大脑,促进,惊蛰
呼吸,振奋精神,促进,惊蛰
惊蛰,二十四节气,属于,惊蛰
脾胃,协调平衡,促进,惊蛰
惊蛰,春暖,对应季节,惊蛰
春暖,惊蛰,对应季节,惊蛰
空气清新,空气,属于,惊蛰
柿子,胃气,宜食,惊蛰
寒凉,脾胃阳气,忌食,惊蛰
油腻,脾胃阳气,忌食,惊蛰
黏滞,脾胃阳气,忌食,惊蛰
中负离子,空气,含量多,惊蛰
有胃则生,胃强,则,惊蛰
无胃则,胃弱,则,惊蛰
寒凉,脾胃阳气,伤,惊蛰
油腻,脾胃阳气,伤,惊蛰
黏滞,脾胃阳气,伤,惊蛰
脾胃,养生,为先,未知
健康,养生,属于,清明
清明,节气,属于,清明
谷雨,节气,属于,清明
气,节气,属于,清明
广州,南方,属于,清明
公历月日前后,谷雨,时值,清明
公历月日前后,工作,对应,清明
工作,烦恼,令人,清明
清明,节气,属于,雨水
清明,气清景明,对应,雨水
清明,万物洁显,对应,雨水
清明,春困,对应,雨水
睡眠不足,春困,引起,雨水
清明,桃花雨,对应,雨水
清明,桃花泛,对应,雨水
谷雨,雨生百谷,对应概念,雨水
谷雨,节气,属于,雨水
清明节,节气,属于,雨水
清明节,谷雨,与,雨水
睡眠时间,精神状态,影响,雨水
睡眠时间,春困,与,雨水
雨水,秧苗,影响,雨水
雨水,作物,影响,雨水
清明,农谚,属于,清明
桑树,清明,生长时节,清明
阳春三月,新茶,宜食,清明
春三月,新茶,宜食,清明
三月,新茶,宜食,清明
阳春三月,脾胃,对应脏腑,清明
阳春三月,清明,对应节气,清明
采茶,阳春三月,开始时间,清明
采茶,清明,开始时间,清明
采茶,南方地区,发生地点,清明
采茶,茶农,涉及人员,清明
清明,运动,宜进行,清明
清明,饮食调理,宜进行,清明
清明,环境调,宜进行,清明
清明节,节气,属于,清明
脾胃,沉困无力,易出现症状,清明
清明,祭祖,对应风俗,清明
清明,扫墓,对应风俗,清明
谷雨节气,节气,属于,清明
谷雨节气,山东荣成,对应风俗,清明
崇本惰嗜卧,嗜睡,导致,清明
谷雨节气,宋代,自,清明
谷雨节气,山东荣成,流传于,清明
清明,茯苓,宜食,清明
清明,薏米,宜食,清明
清明,白扁豆,宜食,清明
清明,健脾祛湿,对应技术,清明
清明节,寒食节,属于,清明
食材,湿气,祛除,清明
子推被烧死这天,陕西,开始,清明
陕西,全国,属于,清明
子推被烧死这天,全国,开始,清明
全国,禁蝎符,振奋精神,清明
禁蝎符,张天师,作者,清明
禁止烟火,禁蝎符,属于,清明
寒食清明节气,清明,对应,清明
清明功符,清明功,属于,清明
山西,禁蝎符,属于,清明
禁蝎符,雄鸡衔,内容,清明
十天,时节,属于,清明
清明时节,时节,属于,清明
清明时节,万物欣欣向荣,对应,清明
遵生八笺,清明功,包含,清明
清明,盘腿静坐,宜练,清明
清明,调整呼,宜练,清明
清明,肝,对应脏腑,清明
清明,肝亢,防,清明
清明,插柳,习俗,清明
清明,戴柳,习俗,清明
清明,春季,属于,清明
清明,鬼节,亦称,清明
清明,清明时节,适于,清明
清明,谷雨,练至,清明
银耳,滋润生津,宜食,清明
桑葚,滋润生津,宜食,清明
蜂蜜,滋润生津,宜食,清明
滋润生津,生津,功效,清明
贪恋睡意,睡意,对应症状,清明
春季,节气,对应节气,清明
调节气息,丹田,作用部位,清明
雨纷纷,清明时节,属于,清明
雨纷纷,肝,对应脏腑,清明
体内,湿气,有,清明
高血压,头昏,引起,清明
高血压,目眩,引起,清明
高血压,肝,对应脏腑,清明
高血压,低盐饮食,宜食,清明
犯困打瞌睡,胸胁胀满,伴有,清明
柑橘类,健康,有利于,未知
香蕉,健康,有利于,未知
柠檬,健康,有利于,未知
柑橘类,养生,有利于,未知
香蕉,养生,有利于,未知
柠檬,养生,有利于,未知
季春,肝脏,对应脏腑,未知
季春,心,对应脏腑,未知
季春,桃花,宜食,未知
季春,酒,宜食,未知
季春,早起,宜卧早起,未知
益肝,肝脏,对应脏腑,未知
补肾,肾,对应脏腑,未知
桃花,益颜色,功效,未知
酒,益颜色,功效,未知
三月,季春,对应季节,未知
瓜果,果蔬,属于,未知
蔬菜,果蔬,属于,未知
春季,瓜果,宜食,未知
春季,蔬菜,宜食,未知
瓜果,营养,提供,未知
蔬菜,营养,提供,未知
养生,营养,需要,未知
养生,瓜果,宜食,未知
养生,蔬菜,宜食,未知
春瘟,瓜果,预防,未知
春瘟,蔬菜,预防,未知
酸味食物,酸味,对应,白露
白露节气,节气,属于,白露
白露节气,天气变凉,对应,白露
增强体质,体质,对应,白露
奎塞,肠道,与,白露
凝结,清晨,出现在,白露
防治,鼻炎,针对,白露
山药,白露节气,宜食,白露
粳米,白露节气,宜食,白露
百合,白露节气,宜食,白露
葱白,煮粥,加入,白露
香菜,煮粥,加入,白露
二十四节气,节气,属于,惊蛰
惊蛰,天气转暖,对应,惊蛰
惊蛰,春雷初响,对应,惊蛰
惊蛰,蛰伏,对应,惊蛰
惊蛰,冬眠,对应,惊蛰
蛰伏,泥土,发生于,惊蛰
冬眠,泥土,发生于,惊蛰
中风,面瘫,对应症状,春分
春分,气候,注意,春分
春分,衣服,注意,春分
春风,面瘫,导致,春分
公历,月日,对应,春分
春分,白天和黑夜均等,对应,雨水
春分,春季九十天的中分点,对应,雨水
春分,气候温和,导致,雨水
春分,阳光明媚,导致,雨水
春分,雨水丰沛,导致,雨水
春季,春分,包含,雨水
轻型的中风,面瘫,可能引发,雨水
春季,气候温和,具有,雨水
春季,阳光明媚,具有,雨水
春季,雨水丰沛,具有,雨水
寒冷,春分,对应时节,惊蛰
增强,体质,属于,惊蛰
春分,昼夜,对应时节,惊蛰
春分,寒暑平,对应时节,惊蛰
保健,养生,属于,惊蛰
果蔬,惊蛰,宜食,惊蛰
惊蛰,万物,对应时节,惊蛰
惊蛰,烦躁不安,导致,惊蛰
肝气,脾,影响,未知
甜点,脾的功能,加强,未知
脾的功能,脾,对应,未知
肝气的阴阳平衡状态,脾,被侵犯,未知
养生,阴阳,调整,未知
养生,阴阳平衡,以,未知
保健,养生,属于,未知
饮食,生理,根据,未知
饮食,微量元素,补充,未知
春分,春天,对应时节,春分
春分,草木的生长萌芽期,对应物候,春分
春分,人体血液,对应生理状态,春分
春分,激素水平,对应生理状态,春分
春分,运动养生,宜行,春分
春分,动静适宜,宜行,春分
春分,养情致,宜行,春分
春分,保健康,宜行,春分
春分,中医理论,依据,春分
春分,阳气生发,对应生理现象,春分
春季,精神,与,清明
精神,肝木,影响,清明
清明,调和阴阳,养生,清明
清明时节,节气,属于,清明
清明时节,春季,对应,清明
清明时节,潮湿,具有,清明
清明时节,疲倦嗜睡,导致,清明
清明时节,春困,导致,清明
申时,香品,宜用,清明
香品,提神醒脑,功效,清明
谷雨,洛阳,对应,谷雨
谷雨,江南,对应,谷雨
谷雨,山东,对应,谷雨
谷雨,陕西,对应,谷雨
谷雨,新茶,宜食,谷雨
谷雨,牡丹,对应,谷雨
谷雨,厌蝎符,对应,谷雨
谷雨,毒虫,可除,谷雨
谷雨,艾草,可熏烧,谷雨
谷雨,早晚,对应时节,谷雨
早晚,时间,属于,谷雨
受寒,感冒,导致,谷雨
人体,困乏,感到,谷雨
人体,消化功能,具有,谷雨
养生,人体,适合,谷雨
空气湿度,湿疹,导致,清明
清洁卫生,皮肤,有助于,清明
清热解毒,汤水,宜食,清明
养血润燥,汤水,宜食,清明
清明节,寒食节,称为,清明
清明节,食节,属于,清明
中国人,追远,重视,清明
清明,寒食节,属于,清明
清明,寒食节,对应,清明
清明节,扫墓,包含习俗,清明
清明节,焚香,包含习俗,清明
清明节,踏青,包含习俗,清明
清明节,荡秋千,包含习俗,清明
清明节,打马球,包含习俗,清明
惊蛰,天气转暖,对应节气,惊蛰
惊蛰,春雷初响,对应节气,惊蛰
惊蛰,蛰伏,引起,惊蛰
惊蛰,冬眠,引起,惊蛰
惊蛰,泥土,发生于,惊蛰
立夏,夏季,属于,立夏
平均气温,夏季,定义为,立夏
立夏,气温,之后,立夏
气温,细菌,导致,立夏
细菌,生机,生长繁殖,立夏
气温,生病,影响,立夏
气温,体重,影响,立夏
立夏,湿度,之后,立夏
湿度,细菌,影响,立夏
立夏,地气,之后,立夏
立夏,天地之气,之后,立夏
天气,生病,影响,立夏
天气,植物,影响,立夏
植物,生机,繁盛,立夏
心,心脏,对应脏腑,未知
心,神志,主,未知
血,血液,属于,未知
心脏,经脉,和,未知
心,夏气,对应脏腑,立夏
心阳,夏季,在,立夏
外感,心,伤,立夏
发汗,汗多,导致,立夏
立夏,心静,宜,立夏
篆香,心静,有助于,立夏
物候,花草树木,对应,小满
物候,飞禽走兽,对应,小满
物候,气候变化,与,小满
植物的萌芽,物候,属于,小满
动物的蛰眠,物候,属于,小满
小满,时节,属于,雨水
气温,夏季,升高,雨水
气温,高温,升高,雨水
雨水,夏季,增多,雨水
高温高湿,湿热交加,属于,雨水
高温高湿,湿热,导致,雨水
着凉感冒,高温高湿,由,雨水
着凉感冒,湿热交加,由,雨水
湿邪,关节,侵入,小满
湿邪,风湿,导致,小满
湿邪,风湿性关节炎,导致,小满
湿邪,关节疼痛,导致,小满
湿邪,伸屈不利,导致,小满
湿邪,肌肤麻木,导致,小满
湿邪,脾胃,侵入,小满
湿邪,腹泻,引起,小满
湿邪,水肿,引起,小满
湿邪,食欲不振,引起,小满
湿邪,恶心,引起,小满
小满,养生,时节,小满
南方地区,焚香,宜,小满
南方地区,潮湿,避免,小满
四时,养生,顺应,未知
节气养生,二十四节气,属于,未知
节气养生,民族文化认同感,有助于,未知
四季如生,二十四节气,研究内容,未知
四季如生,信息可视化设计,运用,未知
二十四节气,自然节气,对应,未知
二十四节气,古代的哲学思想,体现,未知
二十四节气,非物质文化遗产,属于,未知
毕业作品《四季如生,信息可视化设计,属于,未知
信息可视化设计,毕业作品《四季如生,用于,未知
节气与养生,养生,属于,未知
二十四节气养生歌,节气养生,属于,大雪
大雪,二十四节气,对应节气,大雪
二十四节气养生歌,王志华,作者,大雪
二十四节气养生歌,李彦知,作者,大雪
二十四节气养生歌,杨建宇,作者,大雪
本病,控制血糖,需要,大雪
本病,胃动力药,配合,大雪
二十四节气养生歌,节气养生,属于,小雪
小雪,二十四节气,对应节气,小雪
经阴道超声,输尿管下段结石,用于诊断,小雪
经阴道超声,下尿路,检查部位,小雪
经阴道超声,子宫,检查部位,小雪
经阴道超声,双侧附件,检查部位,小雪
经阴道超声,盆腔,检查部位,小雪
经阴道超声,宫外孕,用于排除,小雪
经阴道超声,黄体破裂,用于排除,小雪
经阴道超声,急性盆腔炎,用于排除,小雪
经阴道超声,鉴别诊断,用于,小雪
二十四节气养生歌,王志华,作者,小雪
二十四节气养生歌,李彦知,作者,小雪
二十四节气养生歌,杨建宇,作者,小雪
中国中医药现代远程教育杂志社,北京,所在地,小雪
吉林省榆树市环城医院电诊科,榆树,所在地,小雪
输尿管下段结石,下尿路,涉及部位,小雪
宫外孕,妇科急症,属于,小雪
黄体破裂,妇科急症,属于,小雪
急性盆腔炎,妇科急症,属于,小雪
妇科急症,鉴别诊断,需要,小雪
冬至,二十四节气,属于,冬至
二十四节气养生歌,冬至,对应,冬至
二十四节气养生歌,王志华,作者,冬至
二十四节气养生歌,李彦知,作者,冬至
二十四节气养生歌,杨建宇,作者,冬至
二十四节气养生歌,中国中医药现代远程教育杂志社,发表来源,冬至
二十四节气养生歌,北京,发表地点,冬至
防寒保暖,节气养生,属于,冬至
劳宫,穴位,属于,冬至
合谷,穴位,属于,冬至
搓手,坚果,忌,冬至
搓手,捏紧,包含,冬至
冬至,北半球,属于,冬至
冬至,白天最短,对应,冬至
白天最短,冬至,属于,冬至
养生,防寒保暖,涉及,未知
防寒保暖,搓手,包括,未知
防寒保暖,晒背,包括,未知
晒背,养阳,以,未知
背部,风寒,易受,未知
风寒,外感性疾病,可引发,未知
外感性疾病,呼吸系统,影响,未知
饮食,坚果,宜多食,未知
饮食,辛辣燥热食物,忌食,未知
辛辣燥热食物,辛辣燥热,属于,未知
八段锦,平和的运动,属于,未知
太极拳,平和的运动,属于,未知
平和的运动,养生,用于,未知
冬至,冬节,俗称,冬至
冬至,长至节,俗称,冬至
冬至,亚岁,俗称,冬至
冬至,寒冷,对应时节,冬至
冬至,寒冷,气候特点,冬至
冬至,后背,宜晒,冬至
冬至,农历,属于,冬至
冬至,公历,对应时间,冬至
冬至,骨质疏松,预防,冬至
太阳,黄经,到达,冬至
太阳,南回归线,直射,冬至
冬至,经°时,开始,冬至
暖双足,体寒,防治,冬至
健康,肾,对应脏腑,冬至
肾,生长,主司,冬至
肾,生殖,主司,冬至
肾,人体,属于,冬至
十一月,冬至,对应节气,冬至
冬至,阴极,对应概念,冬至
冬至,日短,对应概念,冬至
冬至,日影长,对应概念,冬至
足少阴肾经,足底,循行于,冬至
冬至,冬至一阳生,对应概念,冬至
冬至,阴气,对应概念,冬至
散步,运动,属于,冬至
泡脚,运动,属于,冬至
晚上,睡觉,对应时间,冬至
温热,热水,属于,冬至
冬至,夏秋,之前,冬至
地面,热水,储存,冬至
地面,热量,提供,冬至
热量,皮肤,作用于,冬至
热量,下肢,供给,冬至
热量,营养,增加,冬至
气温,下肢,影响,冬至
血液循环,热量,与,冬至
血液循环,营养,与,冬至
血液循环,皮肤,作用于,冬至
冬至,寒冷,时节,冬至
冬至,起居养生,养生要点,冬至
冬至,坚果,宜食,冬至
冬至,清淡,饮食宜清淡,冬至
冬至,辛辣燥热,忌食,冬至
起居养生,搓手,技术,冬至
起居养生,感冒,防,冬至
坚果,温热,性味偏温热,冬至
坚果,上火,易导致,冬至
坚果,冬至,在冬至时适宜食用,冬至
坚果,不饱和脂肪,含有,冬至
坚果,胆固醇,降低,冬至
坚果,糖尿病,治疗,冬至
坚果,冠心病,预防,冬至
坚果,蛋白质,含有,冬至
坚果,矿物质,含有,冬至
坚果,纤维素,含有,冬至
坚果,抗皱纹功效,具有,冬至
坚果,疾病,预防,冬至
坚果,适量,宜食,冬至
叩齿,功法,属于,冬至
咽津,功法,属于,冬至
吐纳,功法,属于,冬至
运动养生,功法,属于,冬至
寒湿,腹痛,对应症状,冬至
寒湿,嗜睡,对应症状,冬至
寒湿,咳嗽,对应症状,冬至
冬至,阳气,对应概念,冬至
冬至,开始,对应概念,冬至
阴气,阳气,开始,冬至
气,气旺盛,对应症状,冬至
运动,养生,属于,冬至
养生,功法,属于,冬至
冬至,精神养生,后,冬至
精神养生,精神调养,属于,冬至
精神调养,运动,注意,冬至
乐观,发展,有助于,冬至
身体,大自然,适应,冬至
冬至,精神,振奋精神,冬至
冬至,八段锦,宜做,冬至
冬至,太极拳,宜做,冬至
冬至,冬至乐趣,宜做,冬至
冬至,十一月,对应时间,冬至
冬至,坐功,宜做,冬至
冬至,平和的运动,宜做,冬至
冬至,冬季,属于,冬至
医方类聚,疮科通玄论,引用,冬至
疮科通玄论,疮疡类疾病,属于,冬至
医方类聚,方剂,记载,冬至
成都中医药大学,成都,位于,冬至
明朝,疮科通玄论,已亡佚,冬至
人体,免疫力,需要,立春
阳历,二月,包含,立春
立春,黄经,对应,立春
立春,节气解说与气候变化,属于,立春
立春,春季,标志着,立春
立春,春季,属于,立春
北国,冬天,在,立春
冬天,冰天雪地,具有,立春
立春,春天,对应季节,立春
天气,万物复苏,导致,立春
万物复苏,种生,对应,立春
万物复苏,生发,对应,立春
阳气,春天,升发于,立春
人体,阳气,内含,立春
调摄,保护阳气,旨在,立春
生活起居,养生保健,需配合,立春
气候变化,阳气,影响,立春
立春,节气,属于,立春
升发阳气,食物,宜食,立春
饮食,升发阳气,宜食,立春
升发阳气,阳气,对应脏腑,立春
升发阳气,气,对应脏腑,立春
饮食,体质,调养,立春
饮食,狗肉,忌食,立春
饮食,鸭子,忌食,立春
饮食,黄鳝,忌食,立春
饮食,青菜,宜食,立春
饮食,萝卜,宜食,立春
饮食,荠菜,宜食,立春
春天,干燥,气候,立春
春天,湿冷,气候,立春
气候,胃肠,使,立春
饮食,甘味,宜食,立春
拉肚子,肠胃,对应脏腑,立春
拉肚子,姜汤,宜食,立春
姜汤,姜,含有,立春
菜汤,姜,可添加,立春
腹部,保暖,需要,立春
个人体质,养生保健,需要,立春
天气,细菌,伴随,立春
天气,病毒,伴随,立春
细菌,春季,生长,立春
病毒,春季,生长,立春
个人体质,养生保健,影响,立春
养生保健,机体,提高,立春
养生保健,抵抗疾病,增强,立春
气候变化,机体,影响,立春
机体,抵抗疾病,具备,立春
立春,气温回升,导致,立春
气温回升,血液循环,促进,立春
气温回升,气血运行,促进,立春
立春,春游,适合,立春
立春,放风筝,适合,立春
立春,慢跑,适合,立春
立春,打太极,适合,立春
立春,球类运动,适合,立春
居室内的环境卫生,病菌,对应,立春
开窗通风,空气,对应,立春
开窗通风,病菌,减少,立春
立春,过度疲劳,避免,立春
立春,充足睡眠,保证,立春
立春,郊外,多去,立春
立春,新鲜空气,呼吸,立春
春季上火了,芽菜,宜食,立春
芽菜,种生,被称为,立春
芽菜,豆芽,常见,立春
芽菜,香椿芽,常见,立春
芽菜,姜芽,常见,立春
芽菜,立春,宜食,立春
温补肝阳,肝,对应脏腑,立春
温补肝阳,补肝,属于,立春
韭菜,温补肝阳,宜食,立春
韭菜,生发性食物,属于,立春
芽菜,生发性食物,属于,立春
立春,免疫力,需要提高,立春
立春,韭菜,宜食,立春
立春,芽菜,宜食,立春
韭菜,芽菜,属于,立春
菠菜,肝,对应脏腑,立春
芹菜,肝,对应脏腑,立春
菠菜,滋阴润燥,功效,立春
芹菜,滋阴润燥,功效,立春
青色,肝,对应脏腑,立春
酸味,脾胃,损伤,立春
春季,油腻,忌食,立春
小妙招,鱼头,包含,立春
鱼头,食物,属于,立春
中风,风邪,与,立春
梳头,血液循环,促进,立春
春天,痔疮,防,立春
立春,痔疮,引发,立春
肠胃,内热,产生,立春
慢跑,运动,属于,立春
锻炼,运动,属于,立春
辣椒,痔疮,忌食,立春
姜,痔疮,忌食,立春
蒜,痔疮,忌食,立春
酒,痔疮,忌食,立春
辛辣刺激,痔疮,忌食,立春
辛辣,痔疮,忌食,立春
火锅,痔疮,忌食,立春
烧烤,痔疮,忌食,立春
油腻,痔疮,忌食,立春
痔疮,立春,节气习俗,立春
立春,春饼,宜食,立春
立春,春盘,宜食,立春
立春,春卷,宜食,立春
立春,萝卜,宜食,立春
立春,菠菜,宜食,立春
立春,韭黄,宜食,立春
立春,豆芽菜,宜食,立春
立春,干粉,宜食,立春
立春,鸡蛋,宜食,立春
立春,面粉,宜食,立春
立春,节气习俗,属于,立春
立春,节令,属于,立春
北平风俗类征岁时,立春,记载,立春
立春,豆芽,宜食,立春
春饼,阳气,护阳气,立春
辛辣,阳气,忌食,立春
油炸,阳气,忌食,立春
烧烤,阳气,忌食,立春
辛辣,上火,导致,立春
油炸,上火,导致,立春
烧烤,上火,导致,立春
雨水,节气,属于,雨水
三九天,雨水,处于,雨水
春寒,雨水,出现在,雨水
气温忽高忽低,雨水,出现在,雨水
生活起居,自然,应顺应,雨水
节气养生,生活起居,属于,雨水
雨水,立春,对应节气,雨水
雨水,月日前后,发生时间,雨水
雨水,黄经330度,对应黄经,雨水
雨水,气温回升,气温变化,雨水
雨水,冰雪融化,自然现象,雨水
雨水,降水增多,自然现象,雨水
雨水,月令七十二候集解,出处,雨水
立春,节气,属于,雨水
小雪,节气,属于,雨水
大雪,节气,属于,雨水
雨水,降水,反映,雨水
雨水节气,降水,反映,雨水
春雨,雨水,对应SolarTerm,雨水
天气变化,寒潮,导致,雨水
雨水,时节,是,雨水
寒潮,时节,出现,雨水
萌动,作物,影响,雨水
生长,作物,影响,雨水
天气,感冒,导致,雨水
天气,春寒,导致,雨水
天气,气温忽高忽低,导致,雨水
三九天,节气,属于,雨水
春寒,天气,属于,雨水
气温忽高忽低,天气,属于,雨水
生活起居,自然,顺应,雨水
生活起居,保健,属于,雨水
调养脾胃,养生,属于,雨水
雨水节气,节气,属于,雨水
雨水节气,地湿之气,对应气候特点,雨水
雨水节气,调养脾胃,饮食调养,雨水
雨水节气,蜂蜜,宜食,雨水
雨水节气,大枣,宜食,雨水
雨水节气,山药,宜食,雨水
雨水节气,银耳,宜食,雨水
雨水节气,蜂蜜,宜进补,雨水
雨水节气,大枣,宜进补,雨水
雨水节气,山药,宜进补,雨水
雨水节气,银耳,宜进补,雨水
雨水时节,物燥,对应气候,雨水
雨水时节,口舌干燥,导致,雨水
雨水时节,嘴唇干裂,导致,雨水
雨水时节,多汁水果,宜食,雨水
雨水时节,春捂,与,雨水
雨水时节,风寒之邪,导致,雨水
雨水时节,皮肤腠理,影响,雨水
春季,春捂,宜行,雨水
高血压,春捂,需要,雨水
心脏病,春捂,需要,雨水
哮喘,春捂,需要,雨水
养生,锻炼,包括,雨水
雨水时节,时节,属于,雨水
雨水时节,降水,对应,雨水
雨水时节,降水,开始,雨水
雨水时节,倒春寒,易发生,雨水
雨水时节,室内活动,宜,雨水
雨水时节,锻炼健身球,宜,雨水
锻炼健身球,室内活动,属于,雨水
南方,下雨,容易出现,雨水
增强,免疫力,增强,雨水
雨水,春风,后,雨水
春风,细菌,传播,雨水
春风,病毒,传播,雨水
春季,过敏性鼻炎,易发,雨水
锻炼身体,抵抗力,增强,雨水
锻炼身体,疾病,预防,雨水
细菌,病毒,致病,雨水
过敏性鼻炎,过敏,属于,雨水
感冒,疾病,属于,雨水
茼蒿,养脾,宜食,雨水
雨水节气,脾胃,对应脏腑,雨水
雨水节气,湿润的空气,具有,雨水
雨水节气,温和的阳光,具有,雨水
雨水节气,潇潇细雨,具有,雨水
雨水节气,养生,适宜,雨水
雨水节气,调养脾胃,应首当其冲,雨水
雨水节气,茼蒿,调养脾胃,雨水
茼蒿,火锅,宜食,雨水
茼蒿,榨汁,可做,雨水
茼蒿,熬粥,可做,雨水
茼蒿,脾,对应脏腑,雨水
茼蒿,相火,能助,雨水
相火,动风,能致,雨水
动风,气满,导致,雨水
茼蒿,气满,导致,雨水
体质虚寒,腹泻,伴有,雨水
饮食调理,健脾养胃,属于,雨水
按摩腹部,按摩,属于,雨水
按摩腹部,腹部,作用于,雨水
花椒,散寒除湿,功效,雨水
花椒,菠菜,宜食,雨水
花椒,白萝卜,宜食,雨水
花椒,萝卜,宜食,雨水
花椒,上火,忌食,雨水
雨水节气,元宵节,对应节气习俗,雨水
雨水节气,团圆,节气习俗,雨水
猜灯谜,元宵节,属于,雨水
打灯谜,元宵节,属于,雨水
猜灯谜,宋朝,出现时间,雨水
打灯谜,宋朝,出现时间,雨水
惊蛰,时节,属于,惊蛰
天气,后背凉,导致,惊蛰
后背凉,后背,属于,惊蛰
四肢凉,四肢,属于,惊蛰
后背凉,气不足,属于,惊蛰
四肢凉,气不足,属于,惊蛰
后背凉,气,属于,惊蛰
四肢凉,气,属于,惊蛰
气不足,气,属于,惊蛰
阳气生发,天地,属于,惊蛰
阳气生发,人体,影响,惊蛰
阳气生发,春分,发生时间,惊蛰
阳气生发,惊蛰,需要补充,惊蛰
惊蛰,黄经345度,对应太阳位置,惊蛰
节气解说与气候变化,惊蛰,涉及,惊蛰
节气解说与气候变化,气候变化,关联,惊蛰
惊蛰,春雷,对应,惊蛰
惊蛰,雷震,对应,惊蛰
惊蛰,越冬,对应,惊蛰
惊蛰,虫卵,对应,惊蛰
惊蛰,地面,对应,惊蛰
惊蛰,自然物候,对应,惊蛰
惊蛰,节气,对应,惊蛰
惊蛰,田园人家,对应,惊蛰
天气回暖,春雨,导致,惊蛰
泥土,湿润,变得,惊蛰
惊蛰,近地面热气,促使,惊蛰
惊蛰,湿热空气,促使,惊蛰
惊蛰,暖春,对应时节,惊蛰
惊蛰,华南地区,对应地区,惊蛰
惊蛰,零摄氏度,平均气温,惊蛰
惊蛰,春耕,对应,惊蛰
雨水,节气,属于,惊蛰
人民,防疫,重视,惊蛰
惊蛰,冬春交替时期,处于,惊蛰
气温变化幅度加大,强冷空气活动,对应,惊蛰
气温变化幅度加大,冷暖变化,导致,惊蛰
冷暖变化,上呼吸道感染,预防,惊蛰
冷暖变化,流感,预防,惊蛰
冷暖变化,心脑血管疾病,预防,惊蛰
上呼吸道感染,呼吸道感染,属于,惊蛰
上呼吸道感染,感染,属于,惊蛰
流感,感染,属于,惊蛰
心脑血管疾病,脑血管疾病,属于,惊蛰
春三月,发陈,对应,惊蛰
节气养生指南,黄帝内经,出自,惊蛰
春季,早睡早起,宜食,惊蛰
春季,广步于庭,宜食,惊蛰
春季,披发缓行,宜食,惊蛰
春季,身体健康,使,惊蛰
早睡早起,起居,属于,惊蛰
广步于庭,起居,属于,惊蛰
披发缓行,起居,属于,惊蛰
早睡早起,身体健康,对应,惊蛰
上肢,含氧的血液,使,惊蛰
上体,含氧的血液,使,惊蛰
含氧的血液,大脑,供给,惊蛰
清醒舒适,大脑,由,惊蛰
饮食,清温平淡,应,惊蛰
饮食,新鲜蔬菜,宜食,惊蛰
饮食,蛋白质丰富的食物,宜食,惊蛰
新鲜蔬菜,食物,属于,惊蛰
蛋白质丰富的食物,食物,属于,惊蛰
春笋,食物,属于,惊蛰
菠菜,食物,属于,惊蛰
牛奶,食物,属于,惊蛰
饮食,增强,以,惊蛰
增强,身体体质,作用于,惊蛰
身体体质,病菌,抵御,惊蛰
惊蛰,万物复苏,导致,惊蛰
惊蛰,春暖花开,导致,惊蛰
万物复苏,春暖花开,导致,惊蛰
饮食,菠菜,宜食,惊蛰
饮食,水萝卜,宜食,惊蛰
饮食,苦瓜,宜食,惊蛰
饮食,木耳菜,宜食,惊蛰
饮食,芹菜,宜食,惊蛰
饮食,油菜,宜食,惊蛰
饮食,山药,宜食,惊蛰
饮食,莲子,宜食,惊蛰
饮食,银耳,宜食,惊蛰
植物蛋白质,植物,属于,惊蛰
维生素,食物,属于,惊蛰
清淡,食物,属于,惊蛰
水萝卜,食物,属于,惊蛰
苦瓜,食物,属于,惊蛰
木耳菜,食物,属于,惊蛰
芹菜,食物,属于,惊蛰
油菜,食物,属于,惊蛰
山药,食物,属于,惊蛰
莲子,食物,属于,惊蛰
银耳,食物,属于,惊蛰
动物脂肪,食物,属于,惊蛰
惊蛰,春季,属于,惊蛰
惊蛰,肝,对应脏腑,惊蛰
惊蛰,肝病,易发,惊蛰
惊蛰,流感,易发,惊蛰
惊蛰,流脑,易发,惊蛰
惊蛰,水痘,易发,惊蛰
惊蛰,冷暖变化,需预防,惊蛰
春季,肝,对应脏腑,惊蛰
春季,肝,与,惊蛰
肝,咽干,相关症状,惊蛰
肝,口苦,相关症状,惊蛰
肝,腹泻,相关症状,惊蛰
肝,过敏,相关症状,惊蛰
肝火旺,咽干,相关症状,惊蛰
肝火旺,口苦,相关症状,惊蛰
熬夜,肝火旺,导致,惊蛰
朋友,烟酒,忌食,惊蛰
朋友,厚重口味的饮食,忌食,惊蛰
朋友,滋阴清肝,宜食,惊蛰
菊花茶,滋阴清肝,功效,惊蛰
菊花茶,头重脚轻,缓解症状,惊蛰
菊花茶,流鼻血,缓解症状,惊蛰
肝火过旺,头重脚轻,对应症状,惊蛰
肝火过旺,流鼻血,对应症状,惊蛰
滋阴清肝,滋阴,属于,惊蛰
滋阴清肝,肝火过旺,对应症状,惊蛰
小酒,全身,功效,惊蛰
惊蛰,天气,时节,惊蛰
惊蛰,后背凉,导致,惊蛰
惊蛰,四肢凉,导致,惊蛰
春分,阳气,补充,惊蛰
精白面,面粉,属于,惊蛰
精白面,阳气,对应,惊蛰
血热,酒,忌食,惊蛰
缓摩,关元穴,对应脏腑,惊蛰
缓摩,温热感,有,惊蛰
莼菜汤,血热,宜食,惊蛰
春分,节气,属于,惊蛰
惊蛰,阳气回升,对应,惊蛰
惊蛰,蚊虫,对应,惊蛰
惊蛰,鼠蚁,对应,惊蛰
惊蛰,苍蝇,对应,惊蛰
惊蛰,害虫,对应,惊蛰
惊蛰,病毒,对应,惊蛰
春分,阳气回升,对应,惊蛰
春分,蛰伏,对应,惊蛰
春分,蚊虫,对应,惊蛰
春分,鼠蚁,对应,惊蛰
春分,冬眠,对应,惊蛰
春分,苍蝇,对应,惊蛰
春分,害虫,对应,惊蛰
春分,病毒,对应,惊蛰
惊蛰,季节,属于,惊蛰
流感,疾病,属于,惊蛰
腮腺炎,疾病,属于,惊蛰
肺炎,疾病,属于,惊蛰
病菌,疾病,导致,惊蛰
清热,血,对应,惊蛰
免疫力,身体,属于,惊蛰
人体,身体,包含,惊蛰
惊蛰,春天,对应时节,惊蛰
惊蛰,莼菜,宜食,惊蛰
莼菜,做汤,可食用方式,惊蛰
莼菜,鲫鱼,与之搭配,惊蛰
莼菜,豆腐,与之搭配,惊蛰
莼菜,碧螺春,类似,惊蛰
莼菜,养生,属于,惊蛰
惊蛰,山西,发生在,惊蛰
惊蛰,内蒙古,发生在,惊蛰
惊蛰,干燥,对应气候,惊蛰
干燥,口干,导致,惊蛰
干燥,舌燥,导致,惊蛰
干燥,外感咳嗽,导致,惊蛰
春分,惊蛰,是,春分
春分,清明,是,春分
春分,精神病,好发,春分
春分,过敏,好发,春分
春分,情绪的波动,要注意避免,春分
春分,户外运动,宜做,春分
春分,迎风顺气,可,春分
春分,随风送忧,可,春分
春分,节气解说与气候变化,对应,春分
春分,月日,属于,春分
春分,白天黑夜平分,对应概念,春分
春分,春季,属于,春分
高寒山区,春分,除外,春分
北纬45°以北,春分,除外,春分
华南地区,前汛期,有,春分
华南地区,后汛期,有,春分
4月,前汛期,是,春分
5月中旬,前汛期,是,春分
6月,前汛期,是,春分
9月,后汛期,是,春分
前汛期,4月,包含,春分
前汛期,5月中旬,包含,春分
前汛期,6月,包含,春分
后汛期,9月,包含,春分
春分,昼夜,平分,春分
春分,阴阳平衡,保持,春分
春分,轻松愉快,保持,春分
春分,乐观向上,保持,春分
春分,适当锻炼,宜,春分
春分,定时睡眠,宜,春分
春分,调养,宜,春分
春分,节气,属于,春分
春分,昼夜均,对应概念,春分
春分,寒暑平,对应概念,春分
春分,阴阳平衡,调理,春分
春分,机体功能,协调,春分
春分,添衣,宜行,春分
春分,天气日渐暖和,天气日渐暖和,春分
春分,昼夜温差,昼夜温差较大,春分
春分,寒流侵袭,寒流侵袭,春分
春分,雨水,雨水较多,春分
春分,阴雨连绵,阴雨连绵,春分
寒流侵袭,寒流,属于,春分
阴雨连绵,阴雨,属于,春分
保暖,下肢,注意,春分
保暖,脚部,注意,春分
微微出汗,身体,使,春分
寒邪,身体,潜伏于,春分
韭菜,养阳,具有,春分
草莓,肝,滋养,春分
草莓,肺,滋养,春分
桑葚,肝,滋养,春分
桑葚,肺,滋养,春分
樱桃,肝,滋养,春分
樱桃,肺,滋养,春分
生长,节气,符合,春分
春令,韭菜,包括,春分
春令,豆芽,包括,春分
春令,豆苗,包括,春分
春令,蒜,包括,春分
春令,莴苣,包括,春分
春令,葱,包括,春分
偏热,寒性食物,忌食,春分
偏寒,寒性食物,忌食,春分
寒性食物,葱,佐以,春分
寒性食物,姜,佐以,春分
寒性食物,酒,佐以,春分
蛋类,滋阴,功效,春分
寒性食物,性寒偏凉,导致,春分
性寒偏凉,脾胃,有损,春分
脾气大,脾,对应脏腑,春分
肝火旺,肝,对应脏腑,春分
清火,黄瓜,宜食,春分
清火,橙子,宜食,春分
清火,苦瓜,宜食,春分
春分,春季,对应时节,春分
春分,时节,对应时节,春分
人体,血液,血液活动高峰期,春分
人体,激素,激素活动高峰期,春分
情绪的波动,情绪,应避免,春分
春季,大汗淋漓,不宜,春分
春季,枸杞,宜食,春分
春分,身体,对应脏腑,春分
春季,身体,对应脏腑,春分
饮食,清淡,宜食,春分
饮食,温热食物,忌食,春分
四白穴,人体,位于,春分
春分,万物复苏,时节,春分
春分,春雷,对应习俗,春分
春分,岭南,发生于,春分
春分,四邑,发生于,春分
春分,开平,发生于,春分
春分,苍城镇,发生于,春分
春分,谢姓,相关人物,春分
春分,春菜,宜食,春分
春分,鱼片,宜食,春分
春分,春汤,制作,春分
人体,肌肤腠理舒展,对应生理状态,清明
肌肤腠理舒展,肌肤腠理,属于,清明
肌肤腠理,腠理,属于,清明
五脏六腑,清气,因,清明
清气,润濡,导致,清明
润濡,五脏六腑,作用于,清明
户外运动,晨运,包括,清明
户外运动,登山,包括,清明
户外运动,踏青,包括,清明
户外运动,郊游,包括,清明
清明,户外运动,宜进行,清明
清明,晨运,宜进行,清明
清明,登山,宜进行,清明
清明,踏青,宜进行,清明
清明,郊游,宜进行,清明
清明,心,对应脏腑,清明
清明,气候潮湿,导致,清明
清明,疲倦嗜睡,导致,清明
清明,月日前后,发生于,清明
清明,气候变化,与,清明
清明,节气解说与气候变化,与,清明
高血压,清明,易发于,清明
清明,高血压,与,清明
万物生长,生长,属于,清明
万物生长,清明,对应,清明
清明,北方,属于,清明
气温回升,清明,发生在,清明
桃花,清明,在,清明
杨柳,清明,在,清明
暖风,清明,在,清明
降水,干燥,稀少,清明
一年中,沙尘天气,出现,清明
沙尘天气,长江中下游地区,较多,清明
清明时节,雨纷纷,对应,清明
水分,春播,供不应求,清明
水分,雨水,宝贵,清明
清明时节,春播,与,清明
华南地区,三月,时值,清明
清明时节,肝,要注意保养,清明
清明时节,肺,要注意保养,清明
清明时节,呼吸系统疾病,要注意预防,清明
清明时节,早睡早起,宜行,清明
清明时节,散步,宜行,清明
清明时节,呼吸,宜行,清明
乐观,心情,有助于,清明
空气,呼吸,有助于,清明
清明,口干,引起,清明
清明,鼻干,引起,清明
清明,平肝补肾润肺,宜食,清明
清明,健脾扶阳袪湿,食养原则,清明
清明,干燥,时节特征,清明
清明,春季,对应季节,清明
清明,体内,影响,清明
清明,肝火旺盛,症状,清明
春天,肝,对应脏腑,清明
肝,调节气机,具有作用,清明
肝,气血,影响,清明
清明节,清明,对应节日,清明
悲伤,身体健康,对,清明
悲伤,旧病复发,导致,清明
高血压,旧病复发,易引发,清明
冠心病,旧病复发,易引发,清明
情绪低落,精神疾病,属于,清明
抑郁,精神疾病,属于,清明
清明,悲伤,不宜,清明
清明,夜卧早起,宜,清明
清明,广步于庭,宜,清明
人体,气血,含有,清明
气血,阴气,恢复,清明
气血,人体,恢复,清明
散步,健走,属于,清明
散步,慢跑,属于,清明
散步,心,对应脏腑,清明
散步,肺,对应脏腑,清明
散步,心肺功能,改善,清明
散步,血脂,降低,清明
散步,情绪,稳定,清明
散步,疲劳,消除,清明
散步,保健,功效,清明
大自然,万物,生发,清明
春风,万物,生发,清明
健走,情绪,稳定,清明
健走,疲劳,消除,清明
健走,心肺功能,改善,清明
健走,血脂,降低,清明
健走,保健,功效,清明
慢跑,情绪,稳定,清明
慢跑,疲劳,消除,清明
慢跑,心肺功能,改善,清明
慢跑,血脂,降低,清明
慢跑,保健,功效,清明
春季,运动养生,宜行,清明
运动养生,保健,属于,清明
运动养生,养生,属于,清明
运动,功法,属于,清明
八段锦,功法,属于,清明
中老年人,功法,宜行,清明
饱满,精神,对应,清明
胆经,升发阳气,不能,清明
胆经,五脏六腑,对应脏腑,清明
荠菜,味甘,味甘,清明
荠菜,肝,归经,清明
荠菜,脾,归经,清明
荠菜,肺,归经,清明
荠菜,利湿通淋,功效,清明
荠菜,降压,功效,清明
荠菜,止血,功效,清明
降压,肝,对应脏腑,清明
春困,肝气,由,清明
春困,脾湿,由,清明
春季,肝,对应脏腑,清明
肝气,脾胃虚弱,导致,清明
清明时节,雨纷纷,伴随,清明
阳气生发,皮肤腠理疏松,导致,清明
脾胃受困,运化无力,导致,清明
运化无力,清阳无法上升,导致,清明
清阳无法上升,春困,导致,清明
湿气,脾胃受困,导致,清明
脾胃受困,春困,属于,清明
运化无力,春困,属于,清明
清阳无法上升,春困,属于,清明
皮肤腠理疏松,皮肤腠理,属于,清明
皮肤腠理疏松,皮肤,属于,清明
春季,湿气,祛除,清明
春季,脾胃,健脾,清明
春季,脾胃,和胃,清明
寒食节,节气,属于,清明
寒食节,清明,对应,清明
寒食节,冷食,宜食,清明
寒食节,冷食,对应,清明
清明,养精,习俗,清明
寒食节,踏青,发展,清明
谷雨,时节,对应时节,谷雨
谷雨,脾胃,影响,谷雨
脾胃,消化功能,具有,谷雨
身体,气候变化,适应,谷雨
气候,脾胃,与,谷雨
食欲,脾胃,对应脏腑,谷雨
饮食过量,损伤脾胃,导致,谷雨
七、八分饱,饮食,对应,谷雨
暴饮暴食,损伤脾胃,导致,谷雨
健脾,保健,属于,谷雨
谷雨节气,二十四节气,属于,谷雨
谷雨节气,腰腿痛,防治,谷雨
谷雨节气,月令七十二候集解,依据,谷雨
谷雨节气,土膏脉动,时节特征,谷雨
谷雨节气,谷以此时播种,时节特征,谷雨
谷雨节气,播种,适宜,谷雨
谷雨,百谷生长,对应概念,谷雨
谷雨,节气,属于,谷雨
谷雨,雨水节气,与,谷雨
谷雨,早春二月,与,谷雨
谷雨,黄河中下游地区,发生于,谷雨
雨水节气,早春二月,与,谷雨
雨水节气,黄河中下游地区,发生于,谷雨
春雨,黄河中下游地区,发生于,谷雨
谷雨,雨生百谷,对应概念,谷雨
降水,农作物,有利于,谷雨
降水,水稻,有利于,谷雨
降水,棉花,有利于,谷雨
降水,苗期生长,有利于,谷雨
清明,节气,属于,谷雨
清明,谷雨,对应,谷雨
谷子,雨水,需要,谷雨
玉米,雨水,需要,谷雨
高粱,雨水,需要,谷雨
棉花,雨水,需要,谷雨
蔬菜,雨水,需要,谷雨
冬小麦,雨水,需要,谷雨
油菜,雨水,需要,谷雨
谷雨节气,晴暖,天气特征,谷雨
谷雨节气,脾,对应脏腑,谷雨
谷雨节气,甘味,宜食,谷雨
谷雨节气,冷腻,忌食,谷雨
谷雨节气,养脾,养生建议,谷雨
顺应天时,情绪,调节,谷雨
情绪,肝经,对应脏腑,谷雨
情绪,肝,对应脏腑,谷雨
花粉过敏,过敏,属于,谷雨
风湿病,风湿,属于,谷雨
风湿病,湿病,属于,谷雨
复发,风湿病,属于,谷雨
心随自然,谷雨,对应节气,谷雨
一年中,春季,包含,谷雨
大自然,生机,产生,谷雨
心,自然,对应脏腑,谷雨
心情,精神状态,对应,谷雨
日常起居,自然节气,遵循,谷雨
春风,舒适,产生,谷雨
工作,疲劳感,导致,谷雨
进补,谷雨,要适当,谷雨
谷雨,暮春,是,谷雨
暮春,大风,多,谷雨
大风,天气,导致,谷雨
补水,水分,补充,谷雨
补水,肠胃,洗涤,谷雨
晨起,补水,喝杯水,谷雨
肠胃,补水,被洗涤,谷雨
旧病复发,百草回芽、旧病萌发,对应,谷雨
大风,神经系统,影响,谷雨
大风,紧张,导致,谷雨
大风,烦躁,导致,谷雨
大风,神经痛,导致,谷雨
神经痛,坐骨神经痛,包括,谷雨
神经痛,三叉神经痛,包括,谷雨
神经痛,肋间神经痛,包括,谷雨
花粉过敏,脸部红肿,对应症状,谷雨
花粉过敏,打喷嚏,对应症状,谷雨
花粉过敏,流鼻涕,对应症状,谷雨
花粉,花粉过敏,导致,谷雨
天气转暖,花粉过敏,导致,谷雨
室外活动,花粉过敏,导致,谷雨
北方地区,花粉过敏,导致,谷雨
桃花,花粉过敏,导致,谷雨
杏花,花粉过敏,导致,谷雨
杨絮,花粉过敏,导致,谷雨
柳絮,花粉过敏,导致,谷雨
心情,肝,对应脏腑,谷雨
梳头,养生保健,属于,谷雨
通气血,气血,属于,谷雨
按摩,风热感冒,功效,谷雨
大椎穴,诸阳之会,对应,谷雨
大椎穴,背部,位于,谷雨
大椎穴,阳中之阳,属于,谷雨
谷雨,风热感冒,流行,谷雨
谷雨,风热感冒,季节,谷雨
风热感冒,高烧,症状包括,谷雨
风热感冒,发热,症状包括,谷雨
大椎穴,按法,按摩手法包括,谷雨
大椎穴,揉法,按摩手法包括,谷雨
大椎穴,搓摩法,按摩手法包括,谷雨
大椎穴,脊柱,属于,谷雨
脊柱,脊柱全貌,全貌,谷雨
敲打,按摩,属于,谷雨
搓揉,按摩,属于,谷雨
谷雨,胃经,对应脏腑,谷雨
谷雨,胃经,对应气血,谷雨
胃经,双向调节,具有,谷雨
胃经,瘦弱,可使,谷雨
胃经,肌体丰盈,可使,谷雨
胃经,肥胖,可使,谷雨
腿部,胃经,属于,谷雨
敲打,腿部,作用于,谷雨
搓揉,腿部,作用于,谷雨
脾经,脾,对应脏腑,谷雨
脾胃,脾,对应脏腑,谷雨
脾胃,头脑,气血,谷雨
谷雨,香椿,宜食,谷雨
谷雨,吃春,宜食,谷雨
吃春,香椿,又名,谷雨
香椿,嫩芽,属于,谷雨
菜园,香椿,宜食,谷雨
香椿,健胃,具有,谷雨
香椿,理气,具有,谷雨
香椿,润肤,具有,谷雨
香椿,抗菌,具有,谷雨
香椿,消炎,具有,谷雨
香椿,杀虫,具有,谷雨
香椿,清淡,宜食,谷雨
香椿,凉爽,宜食,谷雨
香椿,开胃,宜食,谷雨
香椿,谷雨节气,对应季节,谷雨
香椿,气候干燥,对应气候,谷雨
香椿,口留余香,功效,谷雨
香椿,营养,营养价值,谷雨
香椿,季节,对应季节,谷雨
香椿,豆腐,搭配,谷雨
香椿,鸡蛋,搭配,谷雨
立夏,时节,属于,立夏
立夏,心脏,对应脏腑,立夏
立夏,烦躁不安,导致,立夏
立夏,易怒上火,导致,立夏
炎热,心脏,对应脏腑,立夏
暑易伤气,心脏,对应脏腑,立夏
酷暑,精神的调养,需要,立夏
酷暑,正气充足，邪不可干,达到,立夏
立夏,农历,属于,立夏
立夏,太阳黄经,对应,立夏
立夏,万物至此皆长大,对应,立夏
夏季,孟夏,分为,立夏
夏季,仲夏,分为,立夏
夏季,季夏,分为,立夏
全国,18～20℃,平均气温,立夏
暮春,春季,属于,立夏
江南,绿树浓阴,进入,立夏
江南,楼台倒影如池塘,有,立夏
春季,东北,发生于,立夏
春季,西北,发生于,立夏
气温回升,春季,发生于,立夏
降水,春季,不多,立夏
多风,春季,发生于,立夏
蒸发,春季,强烈,立夏
干燥,春季,发生于,立夏
干旱,春季,发生于,立夏
农作物,干燥,受影响,立夏
农作物,干旱,受影响,立夏
立夏,雨季,发生于,立夏
雨季,江南,发生于,立夏
雨量,雨季,增多,立夏
阴雨,湿害,导致,立夏
阴雨,病害,导致,立夏
阴雨,收成,影响,立夏
早稻插秧,立夏,发生在,立夏
雨水,收成,影响,立夏
早稻插秧,大江南北,发生在,立夏
立夏节,节气,属于,立夏
立夏节,心,对应脏腑,立夏
外感,汗多,可能导致,立夏
初夏,血脉阻滞,易导致,立夏
血脉阻滞,心脏疾病,可能导致,立夏
心脏疾病,猝死,可能导致,立夏
老年人,血脉阻滞,易出现,立夏
老年人,精神养生,需要,立夏
狂喜大怒,心情舒畅,不利于,立夏
心态平和,心情舒畅,有助于,立夏
立夏,节气,属于,立夏
天气,炎热,对应,立夏
炎热,烦躁不安,导致,立夏
炎热,易怒上火,导致,立夏
慢跑,血脂,降低,立夏
慢跑,身体代谢能力,提高,立夏
慢跑,机体免疫力,增强,立夏
慢跑,运动,属于,立夏
养生,烦躁不安,针对,立夏
养生,易怒上火,针对,立夏
身体代谢能力,生理,属于,立夏
机体免疫力,免疫力,属于,立夏
慢跑,健身,属于,立夏
立夏,烦躁,导致,立夏
立夏,上火,导致,立夏
温度,烦躁,导致,立夏
温度,上火,导致,立夏
食欲,饮食,下降,立夏
饮食,清淡,宜,立夏
饮食,牛奶,宜,立夏
饮食,鸡肉,宜,立夏
饮食,瘦肉,宜,立夏
鸡肉,瘦肉,属于,立夏
牛奶,食物,属于,立夏
鸡肉,食物,属于,立夏
瘦肉,食物,属于,立夏
立夏,昼长夜短,顺应,立夏
静养,身体健康,对应,立夏
午睡,身体健康,有助于,立夏
夏季,心,对应脏腑,立夏
夏季,炎热,气温,立夏
夏季,炎热,导致,立夏
夏季,开水,宜食,立夏
夏季,西瓜,宜食,立夏
夏季,瓜果,宜食,立夏
夏季,消暑,功效,立夏
夏季,贪凉,忌食,立夏
贪凉,疾病,招致,立夏
炎热,口干,导致,立夏
炎热,舌燥,导致,立夏
炎热,大便干结,导致,立夏
炎热,大便干,导致,立夏
炎热,心慌,导致,立夏
炎热,胸闷,导致,立夏
甘草,心火,败,立夏
立夏,升高,气温,立夏
立夏,口干,导致,立夏
立夏,舌燥,导致,立夏
立夏,大便干结,导致,立夏
立夏,心慌,导致,立夏
立夏,胸闷,导致,立夏
穴位,保健,起到,立夏
穴位,养生,起到,立夏
足三里,上巨虚穴,垂直向下走,立夏
上巨虚穴,下巨虚穴,垂直向下走,立夏
立夏,熟鸡蛋,节气习俗,立夏
脖子,丝袋,装,立夏
丝袋,熟鸡蛋,装,立夏
立夏,鸡蛋,宜食,立夏
立夏,蛋类食品,宜食,立夏
立夏,心,对应脏腑,立夏
立夏,生活之圆满,象征,立夏
立夏,夏日之平安,祈求,立夏
立夏,疰夏,应对,立夏
小满,雨量,之后,小满
雨量,湿气,导致,小满
气温,湿气,升高,小满
贪凉,风湿症,导致,小满
风湿症,疾病,属于,小满
清热利湿,食物,功效,小满
晚睡早起,阴阳消长,顺应,小满
情绪,小满,波动,小满
小满,月日,对应,小满
小满,黄经度,对应,小满
节气解说与气候变化,气候变化,包含,小满
节气解说与气候变化,节气解说,包含,小满
月日,黄经度,对应,小满
太阳,黄经度,到达,小满
小满,夏季,属于,小满
小满,芒种,对应节气,小满
小满,北方,与,小满
小满,大麦,与,小满
小满,小麦,与,小满
小满,夏收作物,与,小满
小满,籽粒,与,小满
小满,饱满,与,小满
小满,气候,与,小满
小满,温度,与,小满
小满,降水,与,小满
小满,植物,与,小满
小满,茂盛,与,小满
小满,高温天气,出现天气,小满
小满,华北地区,影响地区,小满
小满,冬小麦,影响作物,小满
小满,干热风,易发生,小满
小满,日平均气温,与气温相关,小满
小满,风速,与风速相关,小满
小满,时节,属于,小满
小满,雨水,形容,小满
小满,芒种,可能影响,小满
小满,五月下旬,正值,小满
小满,风湿症,导致,小满
小满,湿性皮肤病,导致,小满
小满,气温,与,小满
贪凉,风湿症,引发,小满
贪凉,湿性皮肤病,引发,小满
小满,夏季,对应时节,小满
小满,皮肤病,导致,小满
小满,风疹,导致,小满
小满,天气变化,应关注,小满
小满,着凉受湿,忌,小满
小满,夏熟作物,对应,小满
小满,灌浆,对应,小满
小满,饱满,对应,小满
小满,大满,未达到,小满
气温,小满,升高,小满
生活起居,节气,改变,小满
睡觉,保暖,注意,小满
温差,早晚,较大,小满
衣服,晚上,添加,小满
晚上,保暖,注意,小满
着凉,感冒,导致,小满
大暑,时节,对应时节,小满
湿邪,主气,主气,小满
湿邪,风湿病,引发,小满
湿邪,脚气,引发,小满
湿邪,妇科炎症,引发,小满
湿邪,水肿,引发,小满
湿邪,肥胖,引发,小满
脾,湿气,主运,小满
脾胃,湿气,运化,小满
养生,脾胃,重点放到,小满
烦躁不安,心,对应脏腑,小满
烦躁不安,高血压,可能导致,小满
烦躁不安,脑血管病,可能导致,小满
情志,心情舒畅,调适,小满
养生,户外活动,宜参与,小满
养生,体育锻炼,宜参与,小满
体育锻炼,散步,包括,小满
体育锻炼,慢跑,包括,小满
体育锻炼,打太极拳,包括,小满
体育锻炼,大汗淋漓,避免,小满
湿气,大便不痛快,导致,小满
湿气,胸闷,导致,小满
湿气,嗓子有痰,导致,小满
人体,湿气,内有,小满
冬瓜,美容佳品,是,小满
冬瓜,利水,功效,小满
冬瓜,消肿,功效,小满
冬瓜,清热,功效,小满
冬瓜,祛湿利水,通过,小满
冬瓜,家人,宜食,小满
冬瓜,山药,与,小满
山药,家人,宜食,小满
小满,时节,对应时节,小满
气血,脾经,旺于,小满
脾经,脾,属于,小满
增强,脾胃运化功能,作用于,小满
汤品,健脾祛湿,具有,小满
闷热潮湿,夏天,常见于,小满
健脾祛湿,调养,属于,小满
生活习惯,调养,属于,小满
调养,健康,有助于,小满
夏天,内热,导致,小满
夏天,夏日,属于,小满
内热,上火,可能导致,小满
养生,大麦,宜食,小满
脾,湿邪,受困于,小满
小满,雨水增多,到来,小满
雨水增多,疾病,属于,小满
小满,清火,节气习俗,小满
小满,苦菜秀,节气习俗,小满
荒滩野地,粮仓,是,小满
苦菜,三月,生长时间,小满
苦菜,六月,开花时间,小满
苦菜,野菊,类似,小满
周书,苦菜秀,记载,小满
苦菜,心,对应脏腑,小满
苦菜,苦中带涩,具有味道,小满
苦菜,清火,功效,小满
苦菜,解暑,功效,小满
苦菜,解乏,功效,小满
苦菜,消疲,功效,小满
小满,苦味食物,宜食,小满
夏天,苦味食物,宜食,小满
夏天,清火,功效,小满
夏天,解暑,功效,小满
夏天,解乏,功效,小满
夏天,消疲,功效,小满
苦菜,安心益气,功效,小满
芒种,天气阴雨连绵,对应天气,芒种
天气阴雨连绵,阴雨连绵,属于,芒种
起居养生,清洁卫生,需要,芒种
天气阴雨连绵,传染性疾病,易致,芒种
芒种,气血,对应脏腑,芒种
芒种,运动,宜运动,芒种
芒种,中午,宜休息,芒种
芒种,二十四节气,属于,芒种
芒种,黄经75度,对应黄经,芒种
芒种,大麦,对应作物,芒种
芒种,小麦,对应作物,芒种
芒种,晚谷,对应作物,芒种
芒种,夏播,属于,芒种
芒种,雨期较长的连绵阴雨天气,伴随,芒种
芒种,长江中下游地区,发生于,芒种
芒种,长江中下游,发生于,芒种
阴雨,梅雨,是,芒种
温高湿大,梅雨,是,芒种
降水,水稻,有利于,芒种
降水,蔬菜,有利于,芒种
降水,瓜果,有利于,芒种
降水,作物,有利于,芒种
水稻,芒种,生长于,芒种
蔬菜,芒种,生长于,芒种
瓜果,芒种,生长于,芒种
作物,芒种,生长于,芒种
芒种,梅雨,又称,芒种
梅雨,气候,属于,芒种
梅雨,小暑,对应时节,芒种
梅雨,大旱,与,芒种
连绵阴雨,梅雨季节,属于,芒种
梅雨季节,潮湿,对应,芒种
梅雨季节,闷热,对应,芒种
梅雨季节,发霉,导致,芒种
霉雨,梅雨季节,属于,芒种
芒种,梅雨季节,处于,芒种
华南,梅雨季节,处于,芒种
湖南,华南,位于,芒种
江西,华南,位于,芒种
浙江,江南,位于,芒种
山区,山洪,易发,芒种
山区,泥石流,易发,芒种
大暴雨,梅雨季节,发生于,芒种
暴雨,梅雨季节,发生于,芒种
芒种,时节,属于,芒种
气温,芒种,升高,芒种
空气中的湿度,芒种,增加,芒种
汗液,体内,无法通畅,芒种
热蒸湿动,湿热,导致,芒种
湿热,空气,弥漫,芒种
呼吸,湿热之气,受,芒种
湿热之气,四肢困倦,使人感到,芒种
湿热之气,四肢,影响,芒种
芒种,四肢困倦,导致,芒种
芒种,节气,属于,芒种
芒种,黄梅时节,对应季节,芒种
增强体质,疾病,避免,芒种
增强体质,中暑,避免,芒种
增强体质,腮腺炎,避免,芒种
增强体质,水痘,避免,芒种
黄梅时节,时节,属于,芒种
黄梅时节,季节,属于,芒种
日常起居,起居养生,属于,芒种
晚睡早起,起居养生,属于,芒种
防暑,起居养生,属于,芒种
昼长夜短,夏季,属于,芒种
中午小憩,起居养生,属于,芒种
晚睡早起,阳气,对应,芒种
振奋精神,精神,属于,芒种
芒种,午时,对应时间,芒种
午时,天热,对应气候,芒种
天热,出汗,导致,芒种
衣衫,勤洗勤换,需要,芒种
汗出,痤痱,导致,芒种
热盛,汗出,导致,芒种
阳气,汗出,发泄,芒种
阳气,腠理,发泄,芒种
寒水,洗浴,用于,芒种
热气,皮腠,内郁于,芒种
祛湿,养生保健,属于,芒种
湿度,精神状态,影响,芒种
运动,体质,增强,芒种
运动,消化,促进,芒种
空气湿度,湿度,增加,芒种
空气湿度,关节炎,导致,芒种
饮食宜清淡,清淡,宜食,芒种
芒种,生津止渴,宜食,芒种
生津止渴,生津,功效,芒种
芒种,夏至,对应时节,芒种
夏至,夏日,对应时节,芒种
夏至,时节,属于,芒种
气候开始炎热,气候,属于,芒种
消耗体力,消耗,属于,芒种
精神保持轻松,精神,属于,芒种
出汗,开水,忌食,芒种
出汗,果汁,宜食,芒种
午休,疲劳,消除,芒种
午休,健康,有利于,芒种
芒种,梅雨,遇到,芒种
空气湿度,时节,属于,芒种
空气湿度,湿热,对应,芒种
芒种,时节,对应时节,芒种
芒种,五枝汤,宜用,芒种
五枝汤,沐浴,功效,芒种
五枝汤,槐枝,包含,芒种
五枝汤,桃枝,包含,芒种
五枝汤,柳枝,包含,芒种
五枝汤,桑枝,包含,芒种
五枝汤,麻叶,包含,芒种
五枝汤,20分钟,煎煮时间,芒种
午睡,晚上,宜时,芒种
午睡,安静,对应脏腑,芒种
午睡,安静,需条件,芒种
午睡,电视,忌,芒种
午睡,音乐,忌,芒种
午睡,养生,属于,芒种
睡觉,寒邪,对应脏腑,芒种
空调,着凉,导致,芒种
着凉,感冒,导致,芒种
感冒,生姜,宜食,芒种
感冒,红糖,宜食,芒种
感冒,发汗,宜用,芒种
发汗,寒气,驱散,芒种
按摩,脾胃,作用于,芒种
芒种,天气炎热,时节,芒种
天气炎热,炎热,对应,芒种
天气炎热,冰凉,对应,芒种
芒种,煮梅,节气习俗,芒种
煮梅,美味汤,属于,芒种
芒种,夏朝,对应,芒种
煮梅,梅子,宜食,芒种
煮梅,晒干的青梅,宜食,芒种
紫苏,北方,属于,芒种
甘草,山楂,与,芒种
甘草,冰糖,与,芒种
山楂,冰糖,与,芒种
甘草,酸梅汤,与,芒种
山楂,酸梅汤,与,芒种
冰糖,酸梅汤,与,芒种
酸梅汤,甘草,由,芒种
酸梅汤,山楂,由,芒种
酸梅汤,冰糖,由,芒种
酸梅汤,酸梅,包含,芒种
夏至,夏季,对应时节,夏至
夏至,阳盛于外,阳气,夏至
夏至,保护阳气,养生,夏至
精神养生,懈怠厌倦,切忌,夏至
精神养生,恼怒忧郁,切忌,夏至
精神养生,暑易伤气,对应,夏至
暑易伤气,天气炎热,导致,夏至
天气炎热,食欲不振,导致,夏至
精神养生,偷闲消夏,宜,夏至
精神养生,饮食补养,宜,夏至
精神养生,神清气和,有助于,夏至
精神养生,心胸宽阔,有助于,夏至
精神养生,对外界事物要有浓厚的兴趣,有助于,夏至
精神养生,乐观外向的性格,有助于,夏至
乐观外向的性格,气机的通泄,有利于,夏至
睡眠,电扇,不宜,夏至
夏至,二十四节气,属于,夏至
太阳直射地面的位置,北回归线,到达,夏至
北半球,白昼,白昼最长,夏至
白昼,夏至,最长,夏至
恪遵宪度抄本,夏至,记载,夏至
夏至,北半球,位于,夏至
降水,农业产量,影响,夏至
夏至,对流天气,常伴有,夏至
夏至,强降水,常伴有,夏至
地面,空气,受热强烈,夏至
空气,午后,对流旺盛,夏至
空气,傍晚,对流旺盛,夏至
午后,雷阵雨,易形成,夏至
傍晚,雷阵雨,易形成,夏至
对流天气,强降水,带来,夏至
夏至,节气,属于,夏至
夏至,华南东部,对应,夏至
夏至,伏旱,导致,夏至
夏至,炎热的夏天,标志着,夏至
全年,夏至,包含,夏至
夏至,三伏,之后,夏至
三伏,七月中旬到八月中旬,属于,夏至
七月中旬到八月中旬,七月,属于,夏至
七月中旬到八月中旬,八月中旬,属于,夏至
暑热天气,酷热,对应,夏至
三伏,阳气,对应,夏至
三伏,阴气,对应,夏至
三伏,暑热,对应,夏至
气温,暑热天气,升高,夏至
白天,夏至,对应时节,夏至
夜晚,夏至,对应时节,夏至
夏至,保护阳气,宜,夏至
夏至,炎热,天气,夏至
夏至,疾病,易患,夏至
夏至,白昼最长,对应时节,夏至
夏至,夜晚最短,对应时节,夏至
夏至,阳盛于外,特点,夏至
晚睡早起,养生保健,属于,夏至
白昼最长,时节,属于,夏至
夜晚最短,时节,属于,夏至
阳盛于外,养生保健,属于,夏至
夏日,炎热,对应,夏至
夏日,风寒,易受,夏至
夏日,湿邪,易受,夏至
夏日,寒湿,易受,夏至
乏力,工作,影响,夏至
头痛头晕,工作,影响,夏至
冷水,身体,忌用,夏至
阳光,身体,忌晒,夏至
饮食,心,对应脏腑,夏至
饮食,牛奶,宜食,夏至
饮食,豆制品,宜食,夏至
饮食,鸡肉,宜食,夏至
饮食,瘦肉,宜食,夏至
饮食,营养,补充,夏至
厚味肥腻之品,疔疮之疾,化热生风,夏至
酸味,夏至,固表,夏至
味苦之物,肺气,制肺气,夏至
夏天,烦躁,容易使人,夏至
夏天,倦怠,容易使人,夏至
床垫,沙发靠垫,属于,夏至
小妙招,中风,对应,夏至
中冲,心火,对应,夏至
老年人,水分,体内,夏至
夏季,出汗,导致,夏至
出汗,阴津,损耗,夏至
阴津,心火,不足,夏至
阴津,肾阴,不足,夏至
心火,肾阴,炽盛,夏至
补充水分,热中风,防止,夏至
夏至,闷热,导致,夏至
闷热,中暑,导致,夏至
体质虚弱,中暑,导致,夏至
炎热,中暑,攻心,夏至
高温,湿气,蒸动,夏至
面条,长寿,寓意,夏至
夏至,凉面,宜食,夏至
凉面,防暑降温,对应,夏至
凉面,防暑,对应,夏至
过水面,凉面,是,夏至
凉面,入伏面,又称为,夏至
夏至,生菜,宜食,夏至
气候炎热,凉面,宜食,夏至
气候炎热,降火,功效,夏至
气候炎热,开胃,功效,夏至
凉面,开胃,功效,夏至
凉面,降火,功效,夏至
气候炎热,寒凉,忌食,夏至
生菜,寒凉,性质,夏至
大暑,节气,属于,小暑
三伏天,节气,属于,小暑
小暑,炎热,对应,小暑
大暑,炎热,对应,小暑
三伏天,炎热,对应,小暑
日月运行,气候变化,导致,小暑
炎热,气候变化,属于,小暑
节气解说,气候变化,涉及,小暑
节气解说,气,涉及,小暑
小暑,黄经度,与,小暑
大暑,黄经度,与,小暑
三伏天,黄经度,与,小暑
小暑,平均气温,与,小暑
小暑,热浪,伴随,小暑
平均气温,30℃,接近,小暑
大暑,时节,属于,小暑
小暑,雷雨,对应,小暑
大暑,雷雨,对应,小暑
树叶,无精打采,呈现,小暑
小暑,雨量,导致,小暑
小暑,冷空气,伴随,小暑
小暑,暖空气,伴随,小暑
小暑,锋面雷雨,引发,小暑
北方,冷空气,出现,小暑
长江中下游地区,南方,与,小暑
长江中下游,南方,与,小暑
南方,暖空气,出现,小暑
小暑,雷雨,对应天气,小暑
小暑,黄梅,对应天气,小暑
小暑,长江中下游,对应时节,小暑
小暑,阳气,对应人体阳气,小暑
小暑,劳逸结合,宜,小暑
小暑,养阳,宜,小暑
春夏养阳,小暑,属于,小暑
劳逸结合,小暑,属于,小暑
养阳,小暑,属于,小暑
小暑,阳气,对应脏腑,小暑
工作,劳逸结合,应配合,小暑
生活,劳逸结合,应配合,小暑
小暑,清淡,宜食,小暑
清淡,消化,有利于,小暑
清淡,食欲,满足,小暑
清淡,食欲减退,满足,小暑
时令瓜果蔬菜,瓜果,属于,小暑
时令瓜果蔬菜,果蔬,属于,小暑
时令瓜果蔬菜,蔬菜,属于,小暑
时令瓜果蔬菜,健康,有利于,小暑
头伏,饺子,宜食,小暑
三伏,烙饼,宜食,小暑
三伏,摊鸡蛋,宜食,小暑
出汗,体内,排出,小暑
荷叶,消暑汤,属于,小暑
扁豆,消暑汤,属于,小暑
薏米,消暑汤,属于,小暑
瘦肉,消暑汤,属于,小暑
泽泻,消暑汤,属于,小暑
消暑汤,此节气,适合,小暑
水果,防暑,有益,小暑
情绪中暑,夏日养生,危害,小暑
情绪中暑,身心健康,危害,小暑
情绪中暑,情绪障碍,导致,小暑
情绪中暑,心肌缺血,导致,小暑
情绪中暑,血压升高,导致,小暑
情绪中暑,猝死,导致,小暑
老年体弱者,情绪障碍,更容易,小暑
晚睡早起,情绪中暑,对应,小暑
户外活动,爬山,包括,小暑
户外活动,散步,包括,小暑
户外活动,游泳,包括,小暑
户外活动,听音乐,包括,小暑
防中暑,情绪中暑,对应,小暑
防中暑,中暑,对应,小暑
天气,炎热,对应,小暑
天气,强烈阳光照射,对应,小暑
炎热,中暑,导致,小暑
强烈阳光照射,中暑,导致,小暑
外界气温高,时节,属于,小暑
空气湿度大,时节,属于,小暑
出汗过多,中暑,导致,小暑
中暑,室外,可能由,小暑
小暑,少动多静,宜,小暑
天热,上肢,对应,小暑
天热,关节,对应,小暑
天热,肌肉,对应,小暑
上肢,肌肉,锻炼,小暑
肌肉,血液循环,促进,小暑
小肠经,颧骨,刺激,小暑
颧骨,斑点,出现,小暑
颧骨,鱼尾纹,出现,小暑
口疮,小妙招,改善,小暑
耳聋,小妙招,改善,小暑
耳鸣,小妙招,改善,小暑
听力下降,小妙招,改善,小暑
承山,祛湿,功效,小暑
丰隆,化痰,功效,小暑
小暑,炎热,时节,小暑
小暑,失眠,导致,小暑
饮食,祛湿,宜食,小暑
饮食,健脾胃,宜食,小暑
季节,子宫,对应脏腑,小暑
季节,寒气,宜食,小暑
衣着,寒气,导致,小暑
室内,寒气,产生,小暑
寒气,子宫,威胁,小暑
冷食,子宫,忌食,小暑
热气,子宫,对应脏腑,小暑
红糖,子宫,宜食,小暑
姜,子宫,宜食,小暑
晚上,散步,适合,小暑
小暑,节气习俗,有,小暑
小暑,夏季,属于,小暑
小暑,一年中,属于,小暑
小暑,补充体力,养生建议,小暑
小暑,解热防暑,养生建议,小暑
小暑,黄鳝,宜食,小暑
小暑,蜜汁藕,宜食,小暑
小暑,绿豆芽,宜食,小暑
绿豆芽,豆芽,属于,小暑
大暑,夏季,属于,大暑
大暑,天气甚烈,对应,大暑
大暑,炎热,对应,大暑
大暑,暑热,对应,大暑
大暑,气候,对应,大暑
大暑,气候变化,对应,大暑
大暑,阳光,对应,大暑
大暑,辐射热,对应,大暑
大暑,黄经度,对应,大暑
大暑,斗指丙,对应,大暑
大暑,三伏天,对应,大暑
三伏天,中伏,包含,大暑
一年中,大暑,包含,大暑
温差,三九,与,大暑
古书,大暑,提及,大暑
暑热,炎热,对应,大暑
立秋,节气,属于,大暑
物极必反,大暑,符合,大暑
大暑,酷热,具有,大暑
大暑,炎热,具有,大暑
40℃,高温,属于,大暑
40℃,酷热,属于,大暑
长江中下游地区,长江中下游,属于,大暑
闷热,大暑,是,大暑
下午,40℃,气温,大暑
大暑,酷热,对应气候,大暑
酷热,工作,影响,大暑
酷热,生活,影响,大暑
稻在田里热了笑,酷热,对应,大暑
人在屋里热了跳,酷热,对应,大暑
高温天气,水稻,对,大暑
高温天气,作物,对,大暑
小暑,雨如银,对应,大暑
大暑,雨如金,对应,大暑
夏季午后,西北雨,称为,大暑
大暑,全年,对应季节,大暑
大暑,自我保健,需要,大暑
温度,生理,影响,大暑
自我保健,大暑,适用于,大暑
养生,冬病夏治,包含,大暑
冬病夏治,慢性疾病,适用于,大暑
冬季,慢性疾病,容易发作,大暑
天气闷热,大暑,发生在,大暑
晚上,闷热,天气,大暑
晚上,酷热难耐,天气,大暑
睡眠,纳凉,讲究,大暑
睡眠,贪凉,讲究,大暑
睡眠,直吹取凉,讲究,大暑
纳凉,贪凉,不良习惯,大暑
纳凉,空调,不良习惯,大暑
纳凉,直吹取凉,不良习惯,大暑
夏季,阴气,阴气逼人,大暑
人体,入睡,入睡之后,大暑
人体,抵抗力,入睡之后,大暑
风邪,人体,侵袭,大暑
夏日,夏季,属于,大暑
睡觉,受凉,防止,大暑
大暑,天气闷热,对应,大暑
大暑,潮湿,对应,大暑
大暑,睡眠要充足,宜,大暑
中暑,天气闷热,由,大暑
中暑,潮湿,由,大暑
运动,保健,属于,大暑
桑拿天,时节,属于,大暑
桑拿天,天气闷热,对应,大暑
桑拿天,潮湿,对应,大暑
桑拿天,闷热天气,对应,大暑
闷热天气,闷热,对应,大暑
闷热天气,湿气,对应,大暑
体内,湿气,散发,大暑
早晚,时间,属于,大暑
早晚,温度,对应,大暑
中老年人,慢性病史,有,大暑
盛夏,高温,有,大暑
情绪中暑,心,对应脏腑,大暑
夏日炎炎,时节,属于,大暑
酷暑难忍,烦躁,对应症状,大暑
热不可耐,烦躁,对应症状,大暑
情绪,情绪中暑,导致,大暑
体力,运动,消耗,大暑
温度,潮气,对应,大暑
温度,阳气,对应,大暑
饮食,暑湿,抗,大暑
饮食,冬瓜,宜食,大暑
饮食,薏米,宜食,大暑
饮食,茯苓,宜食,大暑
食物,万物,属于,大暑
熬粥,人体,帮助,大暑
熬粥,暑湿,抵御,大暑
熬粥,自然养生,属于,大暑
熬粥,饮食,属于,大暑
冬病夏治,养生,属于,大暑
冬病夏治,保健,属于,大暑
大暑,阳气,对应,大暑
冬病夏治,慢性支气管炎,对应,大暑
冬病夏治,肺气肿,对应,大暑
冬病夏治,支气管哮喘,对应,大暑
冬病夏治,腹泻,对应,大暑
大暑,昼夜温差,具有,大暑
昼夜温差,皮肤腠理,影响,大暑
皮肤腠理,寒凉,开合频繁,大暑
寒凉,阴暑,导致,大暑
大暑,太阳,对应脏腑,大暑
大暑,寒凉东西,忌食,大暑
大暑,稀饭,宜食,大暑
大暑,淡茶,宜食,大暑
大暑,菜汤,宜食,大暑
大暑,豆浆,宜食,大暑
大暑,果汁,宜食,大暑
大暑,萝卜,宜食,大暑
大暑,茅根,宜食,大暑
大暑,荸荠,宜食,大暑
大暑,番茄,宜食,大暑
大暑,中暑,预防,大暑
预防中暑,小妙招,属于,大暑
暖胃驱寒,小妙招,属于,大暑
胃口大开,小妙招,属于,大暑
三伏天,脾胃,影响,大暑
三伏天,身体健康,影响,大暑
大暑,脾胃,对应脏腑,大暑
仙草,凉粉草,又名,大暑
仙草,清暑解热,功效,大暑
大暑,六月,属于,大暑
仙草,丹毒,治,大暑
凤梨,时节,属于,大暑
凤梨,旺来,对应,大暑
大暑,荔枝,宜食,大暑
大暑,羊肉,宜食,大暑
大暑,米糟,宜食,大暑
荔枝,人参,营养价值,大暑
米糟,醪糟,属于,大暑
糯米饭,米糟,属于,大暑
大暑,福建,发生在,大暑
福建,莆田,包含,大暑
莆田,荔枝,宜食,大暑
莆田,羊肉,宜食,大暑
莆田,米糟,宜食,大暑
立秋,二十四节气,属于,立秋
立秋,秋天,对应季节,立秋
立秋,气,对应气,立秋
立秋,闷热感,对应气候变化,立秋
苦夏,立秋,结束于,立秋
闷热感,立秋,消退于,立秋
暑气,炎热,属于,立秋
炎热,天气,属于,立秋
气温的早晚温差,温差,属于,立秋
早晚温差,天气,属于,立秋
白天,炎热,对应,立秋
立秋,降温,导致,立秋
降温,下雨,由于,立秋
立秋,干热,对应气候,立秋
立秋,秋天,对应气候,立秋
纬度,秋季,影响,立秋
海拔高度,秋季,影响,立秋
立秋,秋季,对应季节,立秋
立秋,凉爽,对应气候,立秋
22℃,凉爽,对应,立秋
江淮地区,九月,延续到,立秋
天气,凉爽,变为,立秋
盛夏,余热,残留,立秋
立秋,秋老虎,被称为,立秋
立秋,防暑降温,需要注意,立秋
酷暑,身体,导致,立秋
立秋,节气,属于,立秋
立秋,养生,对应,立秋
身体,恢复,需要,立秋
恢复,祛病延年,有助于,立秋
日常起居,养生,属于,立秋
睡眠时间,睡眠,属于,立秋
午睡,睡眠,属于,立秋
秋季,气候干燥,具有,立秋
秋季,湿度小,具有,立秋
气候干燥,皮肤,影响,立秋
秋季,机体水分,应重视,立秋
秋季,维生素,应重视,立秋
汤粥,开胃,具有,立秋
汤粥,清淡进补,具有,立秋
立秋,秋老虎,具有,立秋
秋老虎,倦怠,导致,立秋
秋老虎,乏力,导致,立秋
秋老虎,呆滞,导致,立秋
初秋,葱,忌食,立秋
初秋,姜,忌食,立秋
初秋,蒜,忌食,立秋
初秋,韭菜,忌食,立秋
初秋,油炸,忌食,立秋
初秋,酒,忌食,立秋
初秋,干燥,忌食,立秋
初秋,西瓜,忌食,立秋
初秋,香瓜,忌食,立秋
西瓜,脾胃,损伤,立秋
香瓜,脾胃,损伤,立秋
损伤脾胃,阳气,对应,立秋
运动,肺,养,立秋
立秋时节,时节,对应时节,立秋
立秋时节,凉爽舒怡,产生,立秋
锻炼身体,运动,属于,立秋
肺活量,肺功能,属于,立秋
慢性呼吸病,肺功能,影响,立秋
老年人,太极拳,宜进行,立秋
体质虚弱者,太极拳,宜进行,立秋
慢性病患者,太极拳,宜进行,立秋
精神调养,心情舒畅,对应,立秋
精神调养,收敛神气,对应,立秋
精神调养,容平之气,适应,立秋
立秋,秋季,属于,立秋
立秋,暑气,伴随,立秋
秋天,肃杀之气,对应,立秋
秋天,容平之气,对应,立秋
香薷,通气,功效,立秋
香薷,解表,功效,立秋
香薷饮,湿热之气,可抗衡,立秋
香薷饮,香薷,包含,立秋
香薷饮,白扁豆,包含,立秋
香薷饮,厚朴,包含,立秋
香薷饮,蜂蜜,调入,立秋
白扁豆,香薷饮,属于,立秋
厚朴,香薷饮,属于,立秋
蜂蜜,香薷饮,调入,立秋
立秋,天气,之后,立秋
天气,湿热,属于,立秋
香薷饮,家人,适合,立秋
香薷饮,朋友,适合,立秋
香薷饮,秋老虎,化解,立秋
健脾胃,茯苓,推荐,立秋
茯苓,食物,属于,立秋
茯苓,利水,功效,立秋
茯苓,煮粥,宜食,立秋
茯苓,肾,对应脏腑,立秋
立秋,茯苓,不宜食用,立秋
阴虚火旺,茯苓,不宜食用,立秋
口干咽燥,茯苓,不宜食用,立秋
小便过多,茯苓,不宜食用,立秋
尿频遗尿,茯苓,不宜食用,立秋
茯苓,健脾益胃,具有,立秋
山药,健脾益胃,具有,立秋
豇豆,健脾益胃,具有,立秋
小米,健脾益胃,具有,立秋
生冷食物,西瓜,忌食,立秋
生冷食物,香瓜,忌食,立秋
丰隆,化湿,对应功效,立秋
脾俞,健脾,对应功效,立秋
脾俞,和胃,对应功效,立秋
脾俞,胃口大开,对应功效,立秋
足三里,补中益气,对应功效,立秋
足三里,通经活络,对应功效,立秋
丰隆,穴位,属于,立秋
脾俞,穴位,属于,立秋
足三里,穴位,属于,立秋
丰隆,胃口大开,可使,立秋
脾俞,胃口大开,可使,立秋
足三里,胃口大开,可使,立秋
足三里,补中益气,属于,立秋
足三里,通经活络,属于,立秋
少辛增酸,秋燥,预防,立秋
立秋,空气,开始,立秋
空气,干燥,导致,立秋
滋阴润燥,银耳,宜食,立秋
滋阴润燥,菠菜,宜食,立秋
滋阴润燥,鸭蛋,宜食,立秋
滋阴润燥,蜂蜜,宜食,立秋
燥邪,阴液,伤害,立秋
西瓜,瓜果,属于,立秋
秋季,瓜果,忌食,立秋
葡萄,寒性,属,立秋
葡萄,秋季,开始上市,立秋
葡萄,胃酸过多,忌食,立秋
葡萄,痰热咳嗽,忌食,立秋
葡萄,胸闷咳喘,忌食,立秋
葡萄,通便润肠,功效,立秋
酸性太大,葡萄,忌食,立秋
食物,酸性太大,忌食,立秋
蜂蜜,养肺,具有,立秋
辛辣食物,秋燥,忌食,立秋
少辛,肺,对应脏腑,立秋
辛辣的食物,人体,进入,立秋
辛辣的食物,肺气,耗散,立秋
辛辣的食物,汗液,通过,立秋
辣椒,辛辣的食物,属于,立秋
花椒,辛辣的食物,属于,立秋
生姜,辛辣的食物,属于,立秋
辣椒,入秋后,忌食,立秋
花椒,入秋后,忌食,立秋
生姜,入秋后,忌食,立秋
长夏,淡补,要,立秋
立秋,长夏,属于,立秋
立秋,淡补,要,立秋
甲鱼,润燥止干,功效,立秋
甲鱼,清心安神,功效,立秋
海参,润燥止干,功效,立秋
海参,清心安神,功效,立秋
淡补,长夏,对应,立秋
养肺,肺,对应,立秋
润燥止干,肺,对应,立秋
清心安神,心,对应,立秋
莲藕排骨汤,立秋,宜食,立秋
莲子,脾胃,影响,立秋
秋高气爽,立秋,时节,立秋
膀胱经,肾经,相表里,立秋
肾经,肾,对应脏腑,立秋
情绪低落,肾气不足,与,立秋
精神不好,肾气不足,与,立秋
记忆力下降,肾气不足,与,立秋
干什么都没劲儿,肾气不足,与,立秋
抱膝滚动式体操,肾虚,改善,立秋
抱膝滚动式体操,肾阳,提升,立秋
心情,肾阳,与,立秋
立秋,啃秋,有习俗,立秋
立秋时节,啃秋,有习俗,立秋
立秋,啃秋,习俗,立秋
健康度春,节气习俗,属于,立秋
咬春,啃秋,对应,立秋
啃秋,立秋,对应,立秋
酷热,生病,导致,立秋
立秋,咬秋,对应习俗,立秋
咬秋,西瓜,宜食,立秋
咬秋,甜瓜,宜食,立秋
咬秋,秋痱子,可预防,立秋
立秋,香瓜,宜食,立秋
立秋,痱子,可预防,立秋
江苏,咬秋,有习俗,立秋
北京,咬秋,有习俗,立秋
天津,咬秋,有习俗,立秋
咬秋,西瓜,对应,立秋
咬秋,交流,涉及,立秋
处暑,节令,属于,处暑
气温,暑气,对应,处暑
处暑,二十四节气,属于,处暑
处暑,炎热暑天,对应,处暑
月日前后,处暑,对应,处暑
黄经度,处暑,到达,处暑
处暑,小暑,不同于,处暑
处暑,大暑,不同于,处暑
处暑,小寒,不同于,处暑
处暑,大寒,不同于,处暑
处暑,冷空气,对应节气,处暑
处暑,东北,对应地区,处暑
处暑,华北,对应地区,处暑
处暑,西北,对应地区,处暑
处暑,秋高气爽,对应天气,处暑
疾风暴雨,洪水,引发,处暑
暴雨,洪水,引发,处暑
处暑,气温变化,反映,处暑
处暑,节气,属于,处暑
气温变化,身体健康,影响,处暑
秋乏,疲惫感,对应症状,处暑
秋乏,处暑,发生时间,处暑
天气,出汗,影响,处暑
机体,疲惫感,产生,处暑
秋乏,人体节律,需要调节,处暑
秋乏,日常起居,需要调节,处暑
秋乏,睡眠,需要调节,处暑
秋乏,优质蛋白质,宜食,处暑
秋乏,鸡蛋,宜食,处暑
秋乏,瘦肉,宜食,处暑
秋乏,乳制品,宜食,处暑
秋乏,豆制品,宜食,处暑
秋乏,蔬菜水果,宜食,处暑
秋乏,辛辣烧烤类食物,忌食,处暑
秋乏,油腻食物,忌食,处暑
户外运动,情绪平静,有助于,处暑
老年人,子午觉,宜行,处暑
子午觉,心,对应脏腑,处暑
子午觉,血管,对应脏腑,处暑
子午觉,保健,属于,处暑
子午觉,养生,属于,处暑
处暑,干燥,对应气候,处暑
天气,干燥,表现为,处暑
早晨,干咳,出现症状,处暑
早晨,大便干结,出现症状,处暑
秋燥,干咳,表现为,处暑
秋燥,大便干结,表现为,处暑
处暑,气,对应脏腑,处暑
处暑,云彩,宜食,处暑
处暑,时节,属于,处暑
处暑,夏天,对应,处暑
处暑,大暑,对应,处暑
处暑,出游,宜行,处暑
处暑,郊野,对应,处暑
处暑,迎秋赏景,对应,处暑
七月八月,处暑,对应,处暑
处暑,七月八月,对应,处暑
处暑,旅游,宜,处暑
处暑,怡情,宜,处暑
处暑,悦目,宜,处暑
处暑,打通三关,宜,处暑
胃口不好,头昏眼花,导致,处暑
胃口不好,视力下降,导致,处暑
八髎穴,膀胱经,属于,处暑
八髎穴,中部,位于,处暑
八髎穴,腰背酸痛,对应症状,处暑
八髎穴,坐骨神经痛,对应症状,处暑
八髎穴,痔疮,对应症状,处暑
八髎穴,妇科,属于,处暑
八髎穴,消炎,功效,处暑
八髎穴,活血,功效,处暑
八髎穴,化瘀,功效,处暑
处暑,时节,对应时节,处暑
红入心,心,对应脏腑,处暑
青入肝,肝,对应脏腑,处暑
白入肺,肺,对应脏腑,处暑
黄入脾,脾,对应脏腑,处暑
黄色的东西,脾,养脾,处暑
脾虚,黄色的东西,忌食,处暑
季节,南瓜,宜食,处暑
南瓜,补中益气,功效,处暑
南瓜,南瓜粥,属于,处暑
南瓜粥,小米,宜食,处暑
南瓜粥,玉米,宜食,处暑
南瓜粥,大枣,宜食,处暑
南瓜,脾胃,对应脏腑,处暑
补中益气,脾胃,对应脏腑,处暑
粥食,南瓜粥,宜食,处暑
伏夏,节气,属于,处暑
闷热潮湿,脾胃,对应脏腑,处暑
南瓜粥,南瓜,包含,处暑
南瓜粥,脾胃,对应脏腑,处暑
晚上,睡眠质量,改善睡眠质量,处暑
锻炼,鸭子,宜食,处暑
处暑,鸭子,宜食,处暑
处暑,鸭子,滋阴,处暑
处暑,处暑百合鸭,宜食,处暑
处暑百合鸭,百合,包含,处暑
处暑百合鸭,陈皮,包含,处暑
处暑百合鸭,蜂蜜,包含,处暑
处暑百合鸭,菊花,包含,处暑
处暑百合鸭,养肺,功效,处暑
百合,养肺,功效,处暑
陈皮,养肺,功效,处暑
蜂蜜,养肺,功效,处暑
菊花,养肺,功效,处暑
养肺,肺,对应脏腑,处暑
高血压,鸭肉,宜食,处暑
高血脂,鸭肉,宜食,处暑
鸭肉,补养,属于,处暑
夏季风,冬季风,被替代,白露
气温下降,冷空气,与,白露
冷空气,气温下降,导致,白露
白露节气,气候,对应,白露
白露节气,气候变化,引起,白露
白露节气,早晚,对应,白露
白露节气,白天,对应,白露
白露节气,露身,对应,白露
白露节气,着凉,对应,白露
白露节气,黄经,对应,白露
白露节气,165度,对应,白露
白露节气,月日前后,对应,白露
白露节气,节令,对应,白露
节气解说与气候变化,节气解说,属于,白露
白露节气,节令,属于,白露
白露节气,气温变化,对应,白露
白露,阴气,阴气逐渐加重,白露
白露,清晨,对应,白露
白露,露水,对应,白露
白露,凝结,对应,白露
白露,冬季风,对应,白露
白露,冷空气,对应,白露
白露,暖空气,对应,白露
白露节,节气,属于,白露
冷空气,南下,南下,白露
气温下降,温差,对应,白露
白露节,夜寒,对应,白露
白露节,日里热,对应,白露
白露节,温差,对应,白露
白露节,露身,对应,白露
白露节,早晚,对应,白露
白天,早晚,虽然,白露
白天,白露,虽然,白露
早晚,赤膊,已凉,白露
赤膊,着凉,容易,白露
白露,北方地区,期间,白露
白露,秋高气爽,期间,白露
秋高气爽,干燥,气候,白露
冷空气,台风,与,白露
冷空气,暖空气,与,白露
冷空气,暴雨,形成,白露
冷空气,低温连阴雨,形成,白露
低温连阴雨,秋季作物生长,对,白露
秋季作物生长,低温连阴雨,不利,白露
西南地区,连阴雨,出现,白露
华南,连阴雨,出现,白露
华南沿海,台风,可能因,白露
华南沿海,大暴雨,引发,白露
白露,连阴雨,常伴随,白露
白露节,连阴雨,常伴随,白露
白露,秋旱,可能伴随,白露
白露,森林火险,可能伴随,白露
春旱,秋旱,与,白露
秋旱,空气干,伴随,白露
秋旱,森林火险,影响,白露
空气干,森林火险,影响,白露
森林火险,秋季,开始,白露
白露节气,白露,对应,白露
清晨,凝结,出现,白露
地面,凝结,出现,白露
白露,秋冻,不宜,白露
白露,寒意,导致,白露
寒意,感冒,可能导致,白露
寒意,肺疾,可能导致,白露
赤膊露体,受凉,可能导致,白露
白露,秋寒,应防,白露
长袖衣,入睡,用于,白露
受凉,腹泻,会引起,白露
脚部,足部,对应脏腑,白露
北方人,感冒,易患,白露
北方人,支气管炎,易患,白露
北方人,消化不良,易患,白露
北方人,失眠,易患,白露
耐寒力差,寒邪,易受,白露
寒邪,脚部,侵袭,白露
秋天,人体,进补,白露
秋天,人体,摄取营养,白露
秋天,人体,调整饮食,白露
夏季,人体,消耗,白露
冬季,病毒感染,减少,白露
冬季,旧病复发,防止,白露
茭白,养阴,宜食,白露
南瓜,养阴,宜食,白露
莲子,养阴,宜食,白露
桂圆,养阴,宜食,白露
黑芝麻,养阴,宜食,白露
红枣,养阴,宜食,白露
芝麻,养阴,宜食,白露
蜂蜜,养阴,宜食,白露
银耳,养阴,宜食,白露
茭白,清热,宜食,白露
南瓜,清热,宜食,白露
莲子,清热,宜食,白露
桂圆,清热,宜食,白露
黑芝麻,清热,宜食,白露
红枣,清热,宜食,白露
芝麻,清热,宜食,白露
蜂蜜,清热,宜食,白露
银耳,清热,宜食,白露
白露,秋季,属于,白露
宣肺化痰,人参,对应中药,白露
宣肺化痰,沙参,对应中药,白露
宣肺化痰,西洋参,对应中药,白露
宣肺化痰,百合,对应中药,白露
宣肺化痰,杏仁,对应中药,白露
宣肺化痰,川贝,对应中药,白露
滋阴益气,人参,对应中药,白露
滋阴益气,沙参,对应中药,白露
滋阴益气,西洋参,对应中药,白露
滋阴益气,百合,对应中药,白露
滋阴益气,杏仁,对应中药,白露
滋阴益气,川贝,对应中药,白露
斗蟋蟀,白露节气,属于,白露
斗蟋蟀,当代,延续至,白露
寒露,节气,属于,白露
白露,斗蟋蟀,对应,白露
斗蟋蟀,调养,宜,白露
白露,斗蟋蟀,时节,白露
秋天,心,对应脏腑,白露
白露,秋天,属于,白露
气候,鼻子,影响,白露
干燥,气候,属于,白露
鼻子,保健,需要,白露
鼻子保健操,按摩,属于,白露
鼻子保健操,右手食指,涉及,白露
鼻子保健操,鼻根部,涉及,白露
鼻子保健操,自上而下,涉及,白露
鼻子保健操,鼻翼两侧,涉及,白露
鼻子保健操,捏紧,涉及,白露
鼻子保健操,松开,涉及,白露
手掌,鼻子保健操,用于,白露
右手,鼻子保健操,用于,白露
手掌,拍打,用于,白露
深呼吸运动,鼻子保健操,属于,白露
鼻子保健操,拍打,包含,白露
鼻子保健操,深呼吸运动,包含,白露
鼻子保健操,鼻部按摩,包含,白露
鼻部按摩,鼻部血管,刺激,白露
鼻部按摩,血液循环,促进,白露
鼻部按摩,呼吸道疾病,预防,白露
鼻子,人中穴,对应穴位,白露
鼻子,四白穴,对应穴位,白露
鼻子,睛明穴,对应穴位,白露
按摩,通经活络,功效,白露
按摩,调节气血,功效,白露
按摩,神经衰弱,防治,白露
按摩,动脉硬化,防治,白露
按摩,中风,防治,白露
按摩,嗅觉迟钝,防治,白露
按摩,视力下降,防治,白露
按摩,保健,属于,白露
鼻腔,致病菌,排出,白露
鼻腔,污垢,排出,白露
鼻腔,自我排毒功能,恢复,白露
脚部体操,肾气,作用于,白露
白露节气,收敛,开始,白露
天地,收敛,开始,白露
肾,阳气,收藏,白露
肾,过冬,准备,白露
元气,体质,充足,白露
体质,元气,快速改善,白露
白露,龙眼,宜食,白露
白露,白露必吃龙眼,对应习俗,白露
龙眼,养血,功效,白露
龙眼,大补身体,功效,白露
一颗龙眼,一只鸡,相当于,白露
白露,大补身体,有,白露
龙眼,身体,补,白露
龙眼,益气,功效,白露
龙眼,补脾,功效,白露
龙眼,养血安神,功效,白露
龙眼,润肤美容,功效,白露
龙眼,贫血,治疗,白露
龙眼,失眠,治疗,白露
白露,白露米酒,宜食,白露
糯米,白露米酒,属于,白露
高粱,白露米酒,属于,白露
五谷,白露米酒,属于,白露
白露米酒,温中,功效,白露
白露米酒,程酒,对应,白露
程酒,白露米酒,属于,白露
程酒,程江水,源于,白露
酒,醉行千里却酒不醒,导致,白露
千里酒,酒,属于,白露
千里酒,水经注,记载于,白露
千里酒,桂阳,产地,白露
千里酒,程乡,产地,白露
米酒,白露,酿于,白露
秋分,暑热,之前,秋分
秋分,凉燥,之后,秋分
秋分,气温,之后,秋分
秋燥,体质,与,秋分
秋燥,机体反应,与,秋分
温燥咳嗽,偏热,属于,秋分
凉燥咳嗽,偏寒,属于,秋分
温燥咳嗽,秋燥,属于,秋分
凉燥咳嗽,秋燥,属于,秋分
月日前后,秋分,对应节气,秋分
月日前后,春分,对应节气,秋分
秋分,昼夜平分,对应气候,秋分
春分,昼夜平分,对应气候,秋分
立秋,秋季,属于,秋分
霜降,秋季,属于,秋分
北半球,阳光,对应,秋分
农历,立秋,对应,秋分
南半球,太阳,太阳直射,秋分
秋分,秋季,之后,秋分
秋季,日平均气温,气温,秋分
日平均气温,22℃,等于,秋分
太阳直射,南半球,位置,秋分
降水,降雨日数,减少,秋分
降水,雨量,减少,秋分
河湖,干涸,出现,秋分
热带气旋,暴雨,带来,秋分
热带气旋,华南沿海,影响位置,秋分
热带气旋,海南岛,影响位置,秋分
台风,大风灾害,伴随,秋分
台风,雨水,伴随,秋分
秋分,干旱少雨,伴随,秋分
秋分,连绵阴雨,伴随,秋分
秋收,作物,属于,秋分
早霜冻,作物,危害,秋分
连阴雨,作物,危害,秋分
秋分,秋季,表示,秋分
秋分,阴阳平衡,应遵循,秋分
养生,阴阳平衡,应遵循,秋分
养生,起居,涉及,秋分
养生,饮食,涉及,秋分
秋分,肺,宜先养,秋分
秋分,寒冷,对应季节,秋分
气温骤降,唇干,导致,秋分
气温骤降,干咳,导致,秋分
气温骤降,感冒,导致,秋分
气温骤降,哮喘,导致,秋分
寒冷,呼吸道疾病,引起,秋分
唇干,干燥,属于,秋分
干咳,干燥,属于,秋分
感冒,呼吸道疾病,属于,秋分
哮喘,呼吸道疾病,属于,秋分
保养,肺气,对应,秋分
肺气,肺,属于,秋分
生冷食物,胃肠疾病,忌食,秋分
寒冷刺激,旧患,可引发,秋分
秋分,心衰,谨防,秋分
秋分,忧愁,导致,秋分
秋分,敏感多疑,导致,秋分
秋分,头昏,导致,秋分
秋分,乏力,导致,秋分
秋分,心慌,导致,秋分
心衰,心,对应脏腑,秋分
秋分,胃部,开始,秋分
秋分,秋燥,属于,秋分
秋分,暑热,以前,秋分
秋分,温燥,以前,秋分
中秋,凉燥,之后,秋分
温燥,体质,与,秋分
温燥,机体反应,与,秋分
凉燥,体质,与,秋分
凉燥,机体反应,与,秋分
秋分,季节,对应季节,秋分
秋分,寒冷,气候,秋分
胃病,复发,复发,秋分
胃病,胃肠道,对应脏腑,秋分
胃肠道,寒冷,对,秋分
胃肠道疾病,反酸,症状,秋分
胃肠道疾病,腹胀,症状,秋分
胃肠道疾病,腹泻,症状,秋分
胃肠道疾病,腹痛,症状,秋分
生活规律,胃病,影响,秋分
慢性胃炎,胃部,注意,秋分
胃部,保暖,保暖,秋分
保暖,小妙招,属于,秋分
小妙招,叩齿,包括,秋分
叩齿,保健,属于,秋分
秋天,干燥,气候特征,秋分
叩齿养生法,叩齿,属于,秋分
叩齿,锻炼,属于,秋分
叩齿,唾液,产生,秋分
唾液,咽下,宜食,秋分
早晚,叩齿,执行,秋分
叩齿,牙齿,对应,秋分
咽下,唾液,产生,秋分
唾液,阴虚火热,改善,秋分
叩齿,养生,属于,秋分
吞咽,养生,属于,秋分
皮肤,饱满,变得,秋分
叩齿,牙齿,有助于,秋分
叩齿,精力,有助于,秋分
叩齿,皮肤,有助于,秋分
叩齿,八九十岁,适合,秋分
白露节气,节气,属于,秋分
白露节气,肺,对应脏腑,秋分
秋燥,肺,对应脏腑,秋分
秋燥邪气,肺,对应脏腑,秋分
口渴,秋燥,属于,秋分
咽痛,秋燥,属于,秋分
声哑,秋燥,属于,秋分
干咳,秋燥,属于,秋分
咯血,秋燥,属于,秋分
皮肤干燥,秋燥,属于,秋分
干燥,秋燥,属于,秋分
秋季,天气,对应季节,秋分
白萝卜,体质虚弱者,宜食,秋分
白萝卜,人参,忌食,秋分
白萝卜,生熟地,忌食,秋分
白萝卜,何首乌,忌食,秋分
白萝卜,体质虚弱者,产气较多,秋分
白萝卜,溃疡病,对,秋分
白萝卜,秋燥,防治,秋分
菠菜,秋燥,防治,秋分
山药,秋燥,防治,秋分
寒露,食物,宜食,秋分
秋燥,肺,伤及,秋分
秋燥,皮肤,影响,秋分
养肺补水,肺,对应脏腑,秋分
养肺补水,肌肤水汪汪,功效,秋分
肺,皮肤,对应脏腑,秋分
肺,水上之源,对应概念,秋分
肺热,肺,对应脏腑,秋分
肺燥,肺,对应脏腑,秋分
肺热,干燥,导致,秋分
肺燥,干燥,导致,秋分
肺燥,开裂,导致,秋分
开裂,皮肤,发生部位,秋分
皮肤,肺,需要养护,秋分
辣椒,肺热,忌食,秋分
辣椒,肺燥,忌食,秋分
葱,肺热,忌食,秋分
葱,肺燥,忌食,秋分
姜,肺热,忌食,秋分
姜,肺燥,忌食,秋分
蒜,肺热,忌食,秋分
蒜,肺燥,忌食,秋分
胡椒,肺热,忌食,秋分
胡椒,肺燥,忌食,秋分
肥腻食物,肺燥,忌食,秋分
秋分,秋菜,宜食,秋分
秋菜,野苋菜,是,秋分
秋菜,秋碧蒿,被称为,秋分
秋分,节气习俗,属于,秋分
秋分,岭南,发生于,秋分
秋分,四邑,发生于,秋分
秋分,开平,发生于,秋分
秋分,苍城镇,发生于,秋分
秋分,谢姓,习俗相关,秋分
寒露,二十四节气,属于,寒露
寒露,节气解说与气候变化,对应,寒露
寒露,露寒而冷,引起,寒露
寒露,凝结,导致,寒露
寒露,月日前后,发生时间,寒露
寒露,黄经度,对应,寒露
寒露,气候变化,与,寒露
寒露,白露,气温比,寒露
寒露,秋季,对应时节,寒露
寒露,冬季,对应时节,寒露
寒露,南岭,涉及地区,寒露
寒露,东北,涉及地区,寒露
寒露,西北地区,涉及地区,寒露
寒露,凉爽,对应天气,寒露
寒露,霜冻,对应天气,寒露
寒露,深秋,对应季节,寒露
白云,红叶,与,寒露
南方,秋意,有,寒露
冷空气,秋风,带来,寒露
冷空气,秋雨,带来,寒露
青藏高原,东北,不属于,寒露
青藏高原,新疆北部,不属于,寒露
天气,昼暖夜凉,是,寒露
天气,晴空万里,是,寒露
天气,秋高气爽,感觉,寒露
10月份,9月,降水量,寒露
华北,10月份,降水量,寒露
西北地区,10月份,降水量,寒露
高原地区,雪害,发生,寒露
寒露,季节,属于,寒露
寒露,雪害,发生,寒露
雪害,季节,发生季节,寒露
节气养生指南,养生,属于,寒露
万物,寒气,随,寒露
阳气,阴气,渐退,寒露
因时制宜,饮食起居,属于,寒露
因时制宜,机体免疫力,增强,寒露
寒露,雨水,时节,寒露
寒露,干燥,天气,寒露
寒露,咽干,对应症状,寒露
寒露,鼻燥,对应症状,寒露
寒露,皮肤干燥,对应症状,寒露
寒露,秋燥,对应症状,寒露
昼热夜凉,秋燥,对应症状,寒露
寒露,时节,对应时节,寒露
补脾胃,脾胃,对应脏腑,寒露
养肺润肠,肺,对应脏腑,寒露
室内,湿度,保持,寒露
精神调养,心,对应脏腑,寒露
寒露,情绪不稳,引起,寒露
寒露,易伤感,引起,寒露
寒露,忧郁心情,引起,寒露
情绪,心,对应脏腑,寒露
乐观豁达,宣泄积郁之情,对应,寒露
乐观豁达,养生,属于,寒露
锻炼,增强体质,功效,寒露
寒露,出游赏菊,时节,寒露
寒露,出游赏菊,宜,寒露
菊花,出游赏菊,适合,寒露
公园湖滨,荒郊野外,属于,寒露
出游赏菊,出游,属于,寒露
空气,干燥,导致,寒露
感冒,急性发作,可能导致,寒露
老年慢性支气管炎,急性发作,可能导致,寒露
老年肺炎,此节气,发病率升高,寒露
老年肺炎,此节气,死亡率升高,寒露
感冒,老年肺炎,可能导致,寒露
更衣,感冒,预防,寒露
锻炼,体质,增强,寒露
锻炼,感冒,预防,寒露
增强体质,感冒,预防,寒露
老年慢性支气管炎,慢性支气管炎,属于,寒露
老年肺炎,肺炎,属于,寒露
寒露,脑血栓,导致,寒露
天气变冷,脑血栓,导致,寒露
天气变冷,睡眠时间增多,导致,寒露
起居,睡眠时间,应调整,寒露
睡眠,血栓,导致,寒露
秋三月,早卧早起,宜,寒露
早卧早起,节气变化,顺应,寒露
分时调养,身体健康,有助于,寒露
泡脚,小妙招,属于,寒露
秋风,寒潮,导致,寒露
寒潮,慢性气管炎,易引发,寒露
寒潮,肺气肿,易引发,寒露
寒潮,风寒湿痹,易引发,寒露
养生,寒邪,防止,寒露
足部,心脏,对应脏腑,寒露
足部,地面,属于,寒露
寒邪,足部,侵袭,寒露
足部,寒邪,易受,寒露
用热水泡脚,养生,属于,寒露
用热水泡脚,气,对应脏腑,寒露
用热水泡脚,血液循环,促进,寒露
用热水泡脚,疲劳,消除,寒露
用热水泡脚,体力,恢复,寒露
用热水泡脚,寒气,驱散,寒露
用热水泡脚,全身,温暖,寒露
热水,泡脚,用于,寒露
长途跋涉,疲劳,导致,寒露
小妙招,足疗,属于,寒露
足疗,按摩,属于,寒露
足疗,保健,属于,寒露
秋冬,冬季,对应季节,寒露
秋冬,季节,对应季节,寒露
寒冷,冬季,对应季节,寒露
寒冷,秋冬,对应季节,寒露
脚部,穴位,对应身体部位,寒露
按摩,穴位,对应,寒露
足疗,穴位,对应,寒露
春夏,养阳,养阳,寒露
秋冬,养阴,养阴,寒露
肾,阴经,属于,寒露
肝,阴经,属于,寒露
脾,阴经,属于,寒露
按摩,调养,属于,寒露
穴位,经络,位于,寒露
肾,经络,属于,寒露
肝,经络,属于,寒露
脾,经络,属于,寒露
寒露,秋风,对应,寒露
寒露,菊黄,对应,寒露
寒露,秋意,对应,寒露
寒露,母蟹,对应,寒露
寒露,蟹脚,对应,寒露
寒露,肥蟹,节气后,寒露
肥蟹,螃蟹,性寒,寒露
螃蟹,伤风,忌食,寒露
螃蟹,发热,忌食,寒露
螃蟹,胃痛,忌食,寒露
螃蟹,腹泻,忌食,寒露
螃蟹,慢性肾炎,忌食,寒露
螃蟹,十二指肠溃疡,忌食,寒露
螃蟹,胆囊炎,忌食,寒露
螃蟹,胆结石,忌食,寒露
螃蟹,肝炎,忌食,寒露
霜降,脾,对应脏腑,霜降
阳气,草木,与,霜降
脾脏,胃病,易导致,霜降
胃病,慢性胃炎,属于,霜降
胃病,胃痛,属于,霜降
胃病,十二指肠溃疡病,属于,霜降
寒冷,胃肠蠕动,扰乱,霜降
月日前后,黄经度,对应,霜降
节气解说与气候变化,气候变化,包含,霜降
霜降,秋季,对应季节,霜降
霜降,冬季,对应季节,霜降
霜降,天气逐渐变冷,含有,霜降
天气逐渐变冷,霜降,发生于,霜降
黄河流域,白霜,出现,霜降
白霜,霜降,出现于,霜降
树叶,枯黄,颜色变化,霜降
树叶,霜降,飘落,霜降
枯黄,霜降,发生于,霜降
飘落,霜降,发生于,霜降
霜降,气,对应脏腑,霜降
霜降,天气逐渐变冷,表示,霜降
霜降,降霜,对应,霜降
早霜,初霜,属于,霜降
晚霜,终霜,属于,霜降
露水,白露,属于,霜降
白露,秋意,对应,霜降
露水,凉意,对应,霜降
寒气,凉意,对应,霜降
霜降,大秋作物,影响,霜降
霜降,冬前弱苗,导致,霜降
初霜,高山,分布规律,霜降
初霜,平原,分布规律,霜降
初霜,内蒙古,出现在,霜降
初霜,9月,出现在,霜降
霜降,植物,杀,霜降
植物,生机,失去,霜降
霜冻,冻害,引起,霜降
温度,冻害,影响,霜降
作物,冻害,受,霜降
生育期,冻害,影响,霜降
霜降,养生保健,对应养生,霜降
补霜降,养生保健,属于,霜降
补冬,养生保健,属于,霜降
秋补,养生保健,属于,霜降
补霜降,健康,宜于,霜降
补冬,健康,宜于,霜降
秋补,健康,宜于,霜降
秋末,时节,属于,霜降
秋末,肺,对应脏腑,霜降
生津润燥,口干,功效,霜降
生津润燥,皮肤粗糙,功效,霜降
生津润燥,大便干结,功效,霜降
宣肺止咳,口干,功效,霜降
宣肺止咳,皮肤粗糙,功效,霜降
宣肺止咳,大便干结,功效,霜降
秋末,苹果,宜食,霜降
秋末,橄榄,宜食,霜降
秋末,洋葱,宜食,霜降
秋末,芥菜,宜食,霜降
秋末,萝卜,宜食,霜降
秋末,姜,忌食,霜降
秋末,葱,忌食,霜降
秋末,蒜,忌食,霜降
秋末,辣椒,忌食,霜降
口干,秋燥,属于,霜降
皮肤粗糙,秋燥,属于,霜降
大便干结,秋燥,属于,霜降
上火,秋燥,属于,霜降
霜降,温热食物,宜食,霜降
温热食物,汤类,属于,霜降
温热食物,粥类,属于,霜降
温热食物,吸收,有利于,霜降
脾胃虚弱者,温热食物,宜食,霜降
老年人,温热食物,宜食,霜降
慢性病患者,温热食物,宜食,霜降
霜降,秋冬过渡之际,对应时节,霜降
秋冬过渡之际,秋冬,属于,霜降
天气,脾胃虚弱者,影响,霜降
秋天,血液循环,影响,霜降
秋天,生理功能,影响,霜降
秋天,运动,宜动,霜降
秋天,运动,宜静,霜降
秋天,运动养生,时令特点,霜降
秋天,寒冷,对应气候,霜降
运动,运动养生,属于,霜降
走路,健身,属于,霜降
倒行,健身,属于,霜降
倒立,健身,属于,霜降
爬行,健身,属于,霜降
脚饥饿长啸,健身,属于,霜降
冷水浴,健身,属于,霜降
霜降,时节,对应时节,霜降
霜降,入秋后,对应时节,霜降
南瓜,养胃,宜食,霜降
胡萝卜,养胃,宜食,霜降
甘蓝,养胃,宜食,霜降
红薯,养胃,宜食,霜降
肠胃,胃部,喜暖恶冷,霜降
腹部,胃部,属于,霜降
冰水,哮喘,忌食,霜降
冰棍,哮喘,忌食,霜降
冰淇淋,哮喘,忌食,霜降
冰可乐,哮喘,忌食,霜降
冰啤酒,哮喘,忌食,霜降
生梨,哮喘,宜食,霜降
西瓜,哮喘,宜食,霜降
香蕉,哮喘,宜食,霜降
芡实,深秋,养生,霜降
深秋,进补,宜食,霜降
芡实,健脾补肾,具有,霜降
芡实,养胃止泻,具有,霜降
芡实,脾,对应脏腑,霜降
芡实,肾,对应脏腑,霜降
芡实,深秋,宜食,霜降
芡实,冬季,宜食,霜降
深秋,脾胃,补,霜降
冬季,肾,补,霜降
芡实,养生理论,符合,霜降
芡实,身体健康,有利于,霜降
霜降,柿子,宜食,霜降
立冬,时节,属于,立冬
立冬,阴气,对应,立冬
立冬,阳气潜藏,对应,立冬
立冬,寒冷,导致,立冬
养生,养阳,宜,立冬
养生,藏阳,宜,立冬
养生,补肾,宜,立冬
养生,藏精,宜,立冬
养生,养精,宜,立冬
来春,生机勃发,对应,立冬
养阳,养生,属于,立冬
藏阳,养生,属于,立冬
补肾,养生,属于,立冬
藏精,养生,属于,立冬
养精,养生,属于,立冬
立冬,黄经225度,对应,立冬
立冬,开始,寓意,立冬
立冬,建立,寓意,立冬
鼻子,人中穴,周围有,白露
鼻子,四白穴,周围有,白露
鼻子,睛明穴,周围有,白露
按摩,通经活络,能够,白露
按摩,调节气血,能够,白露
白露节气,肾,对应脏腑,白露
白露节气,收藏,对应功能,白露
白露节气,过冬,准备,白露
白露,养血,节气习俗,白露
白露,大补身体,节气习俗,白露
白露,一颗龙眼,宜食,白露
白露,快速改善,对应体质变化,白露
龙眼,贫血,主治,白露
龙眼,失眠,主治,白露
白露,糯米,宜食,白露
白露,高粱,宜食,白露
白露,五谷,宜食,白露
白露,白露米酒,对应食品,白露
白露米酒,糯米,由,白露
白露米酒,高粱,由,白露
白露米酒,五谷,由,白露
白露,米酒,宜食,白露
千里酒,醉行千里却酒不醒,导致,白露
桂阳,千里酒,有,白露
程乡,千里酒,有,白露
秋分,肠道传染病,季节,秋分
秋分,乙脑,季节,秋分
温燥,温燥咳嗽,属于,秋分
凉燥,凉燥咳嗽,属于,秋分
温燥咳嗽,偏热,特征,秋分
凉燥咳嗽,偏寒,特征,秋分
秋分,昼夜平分,特征,秋分
秋分,春分,与,秋分
秋分,月日前后,发生时间,秋分
秋分,黄经度,对应黄经度,秋分
秋分,南半球,之后,秋分
秋分,降水减少,之后,秋分
秋分,干旱少雨,不利因素,秋分
秋分,连绵阴雨,不利因素,秋分
秋分,连阴雨,不利因素,秋分
热带气旋,大风灾害,导致,秋分
秋分,养肺,养生重点,秋分
作物,早霜冻,易受,秋分
作物,连阴雨,易受,秋分
早霜冻,作物,危害对象,秋分
连阴雨,作物,危害对象,秋分
秋分,气温骤降,特征,秋分
秋分,唇干,可能导致,秋分
秋分,干咳,可能导致,秋分
秋分,感冒,可能导致,秋分
秋分,哮喘,可能导致,秋分
秋分,呼吸道疾病,可能导致,秋分
秋分,生冷食物,忌,秋分
秋分,寒冷刺激,易致,秋分
秋分,旧患,易致,秋分
秋分,头昏,易致,秋分
秋分,乏力,易致,秋分
秋分,心慌,易致,秋分
秋分,心衰,易致,秋分
秋分,忧愁,易引发,秋分
秋分,敏感多疑,易引发,秋分
秋分,胃部,养护起点,秋分
秋分,秋燥,常见症状,秋分
秋分,温燥,症状类型,秋分
中秋,凉燥,症状类型,秋分
秋燥,体质,与体质关系,秋分
秋燥,机体反应,与机体反应关系,秋分
寒冷,胃肠道,刺激,秋分
叩齿,固牙齿,作用,秋分
叩齿养生法,叩齿,包含,秋分
叩齿养生法,唾液,过程产生,秋分
叩齿,吞咽,配合,秋分
口渴,秋燥,对应,秋分
咽痛,秋燥,对应,秋分
声哑,秋燥,对应,秋分
干咳,秋燥,对应,秋分
咯血,秋燥,对应,秋分
皮肤干燥,秋燥,对应,秋分
秋季,性寒,天气转凉,秋分
白萝卜,进食不化,不宜,秋分
白萝卜,体质虚弱者,不宜,秋分
白萝卜,气,破气,秋分
白萝卜,产气较多,导致,秋分
养肺补水,肌肤水汪汪,对应,秋分
肺,水上之源,是,秋分
秋季,肺热,易发,秋分
秋季,肺燥,易发,秋分
肺热,开裂,导致,秋分
秋季,辣椒,忌食,秋分
秋季,葱,忌食,秋分
秋季,姜,忌食,秋分
秋季,蒜,忌食,秋分
秋季,胡椒,忌食,秋分
秋季,肥腻食物,忌食,秋分
秋分,野苋菜,宜食,秋分
秋分,秋碧蒿,宜食,秋分
秋分,田园人家,习俗,秋分
秋分,岭南,习俗,秋分
秋分,四邑,习俗,秋分
秋分,开平,习俗,秋分
秋分,苍城镇,习俗,秋分
秋分,谢姓,习俗,秋分
寒露,露寒而冷,特征,寒露
寒露,气候变化,节气解说与气候变化,寒露
寒露,月日前后,与,寒露
寒露,月上旬末,时间起始,寒露
寒露,月下旬,时间结束,寒露
寒露,南半球,太阳直射点位置,寒露
寒露,太阳热量,地面接收热量,寒露
寒露,冷空气,影响,寒露
寒露,华南,影响范围,寒露
寒露,霜冻,可能导致,寒露
寒露,深秋,对应时节,寒露
寒露,冷空气,天气特征,寒露
寒露,秋风,伴随,寒露
寒露,秋雨,伴随,寒露
寒露,8～10℃,温度变化,寒露
寒露,昼暖夜凉,特征,寒露
寒露,晴空万里,特征,寒露
寒露,秋高气爽,特征,寒露
寒露,云南,影响区域,寒露
寒露,四川,影响区域,寒露
寒露,高原地区,对应季节,寒露
寒露,雪害,导致,寒露
寒露,热与冷交替,特征,寒露
寒露,生理活动,应适应,寒露
寒露,昼热夜凉,特征,寒露
寒露,咽干,可能导致,寒露
寒露,鼻燥,可能导致,寒露
寒露,皮肤干燥,可能导致,寒露
因时制宜,饮食起居,涉及,寒露
增强,机体免疫力,作用对象,寒露
寒露,萝卜,宜食,寒露
寒露,冬瓜,宜食,寒露
寒露,百合,宜食,寒露
寒露,银耳,宜食,寒露
寒露,豆类,宜食,寒露
寒露,菌类,宜食,寒露
寒露,海带,宜食,寒露
寒露,紫菜,宜食,寒露
寒露,脾胃,可补,寒露
寒露,肺,可养,寒露
寒露,咽干口燥,可防治,寒露
寒露,情绪不稳,导致,寒露
寒露,易伤感,导致,寒露
寒露,忧郁心情,导致,寒露
精神调养,辛辣刺激,应避免,寒露
公园湖滨,锻炼,可用于,寒露
荒郊野外,锻炼,可用于,寒露
乐观豁达,宣泄积郁之情,有助于,寒露
寒露,感冒,导致,寒露
老年人,老年慢性支气管炎,易患,寒露
老年人,哮喘病,易患,寒露
老年慢性支气管炎,急性发作,在感冒后,寒露
老年慢性支气管炎,90%以上,发病率,寒露
寒露,凉爽,特征,寒露
寒露,天气变冷,气候特征,寒露
寒露,睡眠时间增多,相关因素,寒露
秋三月,早卧早起,特征,寒露
秋三月,与鸡俱兴,特征,寒露
秋三月,早卧早起,调养方法,寒露
秋三月,分时调养,调养方法,寒露
秋三月,身体健康,有助于,寒露
寒露,慢性气管炎,易引发,寒露
寒露,肺气肿,易引发,寒露
寒露,风寒湿痹,易引发,寒露
足部,地面,直接接触,寒露
秋冬,足疗,适宜,寒露
老年人,足疗,适宜,寒露
春夏,养阳,养生原则,寒露
秋冬,养阴,养生原则,寒露
按摩,穴位,作用于,寒露
足疗,按摩,对应,寒露
经络,肾,包含,寒露
经络,肝,包含,寒露
经络,脾,包含,寒露
寒露,螃蟹,宜食,寒露
寒露,母蟹,宜食,寒露
寒露,肥蟹,宜食,寒露
肥蟹,性寒,性寒,寒露
伤风,螃蟹,忌食,寒露
发热,螃蟹,忌食,寒露
胃痛,螃蟹,忌食,寒露
腹泻,螃蟹,忌食,寒露
慢性肾炎,螃蟹,忌食,寒露
十二指肠溃疡,螃蟹,忌食,寒露
胆囊炎,螃蟹,忌食,寒露
胆结石,螃蟹,忌食,寒露
肝炎,螃蟹,忌食,寒露
胃病,慢性胃炎,常见类型,霜降
胃病,胃痛,常见类型,霜降
胃病,十二指肠溃疡病,常见类型,霜降
胃病,十二指肠溃疡,常见类型,霜降
胃病,溃疡病,常见类型,霜降
霜降,秋季,属于,霜降
霜降,天气逐渐变冷,特征,霜降
霜降,白霜,出现,霜降
寒气,凉意,表现为,霜降
初霜,内蒙古,出现地区,霜降
初霜,9月,出现时间,霜降
霜降,秋补,养生重点,霜降
霜降,补霜降,对应技术,霜降
秋末,生津润燥,宜食,霜降
秋末,宣肺止咳,宜食,霜降
秋末,口干,防止,霜降
秋末,皮肤粗糙,防止,霜降
秋末,大便干结,防止,霜降
秋末,辛辣,忌食,霜降
秋末,上火,防止,霜降
霜降,汤类,宜食,霜降
霜降,粥类,宜食,霜降
霜降,脾胃虚弱者,宜,霜降
霜降,老年人,宜,霜降
霜降,慢性病患者,宜,霜降
霜降,护胃,注重,霜降
霜降,秋冬过渡之际,时节特征,霜降
秋天,心肺功能,应加强,霜降
秋天,运动,宜,霜降
走路,倒行,与,霜降
走路,倒立,与,霜降
走路,爬行,与,霜降
走路,脚饥饿长啸,与,霜降
走路,冷水浴,与,霜降
霜降,胃痛,导致,霜降
霜降,温胃散寒,宜用,霜降
霜降,南瓜,宜食,霜降
霜降,胡萝卜,宜食,霜降
霜降,甘蓝,宜食,霜降
霜降,红薯,宜食,霜降
霜降,养胃,宜,霜降
霜降,保暖,宜,霜降
冰水,哮喘,导致,霜降
冰棍,哮喘,导致,霜降
冰淇淋,哮喘,导致,霜降
冰可乐,哮喘,导致,霜降
冰啤酒,哮喘,导致,霜降
脾,生痰,与,霜降
脾,哮喘,与,霜降
肺,哮喘,与,霜降
肾,哮喘,与,霜降
深秋,进补,宜,霜降
山药,哮喘,主治,霜降
深秋,芡实,宜食,霜降
深秋,补脾胃,养生重点,霜降
冬季,补肾,养生重点,霜降
霜降,御寒,功效,霜降
霜降,保暖,功效,霜降
立冬,阳气潜藏,特征,立冬
立冬,寒冷,对应,立冬
立冬,养阳,宜,立冬
立冬,藏阳,宜,立冬
立冬,补肾,宜,立冬
立冬,藏精,宜,立冬
立冬,养精,宜,立冬
立冬,建立,含义,立冬
立冬,开始,含义,立冬
立冬,万物收藏,特征,立冬
立冬,冷空气,常伴随,立冬
冷空气,大风,常表现为,立冬
立冬,强冷空气,伴随现象,立冬
立冬,适量运动,宜,立冬
立冬,热身活动,宜,立冬
立冬,高热量食品,宜食,立冬
晒太阳,负日之暄,宜,立冬
负日之暄,后背,对应,立冬
老老恒言,负日之暄,记载,立冬
背部,阳光,暴露于,立冬
腹式呼吸,疲劳感,对应,立冬
腹式呼吸,疲劳感,改善,立冬
立冬,疲劳感,改善,立冬
立冬,睡眠质量,改善,立冬
冬季,菌类,宜食,立冬
冬季,菌类,养生重点,立冬
菌类,健康,有助于,立冬
菌类,长寿,有助于,立冬
香菇,性平味甘,性平味甘,立冬
香菇,和胃益肾,具有,立冬
香菇,补气健脾,具有,立冬
香菇,多糖成分,含有,立冬
香菇,癌毒素,能降解,立冬
香菇,蘑菇皇后,被誉为,立冬
香菇,营养,营养价值高,立冬
香菇,冬季,宜食于,立冬
香菇,火锅,宜食于,立冬
双脚分一分,补肝肾,功效,立冬
肝肾,消化,功能,立冬
肝肾,代谢,功能,立冬
肾,生命之本,属性,立冬
冬季,补肝肾,适宜,立冬
强筋,补肝,对应,立冬
强骨,补肾,对应,立冬
双脚分一分,补肝肾,具体方法,立冬
双脚分一分,补肝,功效,立冬
双脚分一分,保健,属于,立冬
立冬,冬酿酒,习俗,立冬
身体,舒适,感受,立冬
立冬,冬酿酒,宜酿,立冬
冬酿酒,草药,由,立冬
冬酿酒,秋露白,包含,立冬
冬酿酒,杜茅柴,包含,立冬
冬酿酒,靠壁清,包含,立冬
冬酿酒,竹叶清,包含,立冬
冬酿酒,米酒,搭配,立冬
小雪,天气寒冷,特征,小雪
小雪,深秋,发生于,小雪
小雪,中原地区,发生于,小雪
小雪,南方地区,发生于,小雪
小雪,湿雪,对应天气现象,小雪
小雪,雨夹雪,可能伴随,小雪
小雪,米雪,可能伴随,小雪
小雪节气,南方地区北部,开始,小雪
小雪节气,冬暖,导致,小雪
南方地区北部,冬季,处于,小雪
秦岭,冷空气,阻挡,小雪
大巴山,冷空气,阻挡,小雪
冷空气,寒潮,导致,小雪
华南,冬暖,呈现,小雪
小雪节气,天气更冷,特征,小雪
内火,上火,表现为,小雪
上火,口腔溃疡,表现为,小雪
上火,脸上的疙瘩,表现为,小雪
寒冷,内火,导致,小雪
寒冷,白萝卜,宜食,小雪
寒冷,白菜,宜食,小雪
白萝卜,清火降气,功效,小雪
白萝卜,消食,功效,小雪
白菜,清火降气,功效,小雪
白菜,消食,功效,小雪
白萝卜,维生素,富含,小雪
白萝卜,微量元素,富含,小雪
白菜,维生素,富含,小雪
白菜,微量元素,富含,小雪
小雪节气,阴冷晦暗,特征,小雪
小雪节气,抑郁症,易引发,小雪
小雪节气,失眠,易引发,小雪
小雪节气,烦躁,易引发,小雪
小雪节气,悲观,易引发,小雪
小雪节气,厌世,易引发,小雪
大骨冬瓜汤,津液,滋补,小雪
黄氏枸杞鸡汤,津液,滋补,小雪
地瓜姜汤,津液,滋补,小雪
诸阳之会,阳经,属于,小雪
节气,多穿衣服,建议,小雪
节气,御寒,建议,小雪
小雪节气,疲劳,导致,小雪
小雪节气,嗜睡,导致,小雪
小雪节气,冬季情感,导致,小雪
梳头,血液循环,促进,小雪
散步,提神醒脑,有益于,小雪
梳头,提神醒脑,具有,小雪
散步,提神醒脑,具有,小雪
冬季,供血不足,导致,小雪
冬季,冬季情感,导致,小雪
冬季,调养身体,宜,小雪
冬季,减轻压力,宜,小雪
香蕉,羟色胺,含有,小雪
脾胃虚寒,香蕉,忌食,小雪
小雪,情志不舒,导致,小雪
阴冷晦暗,情绪,影响,小雪
小雪,糍粑,节气习俗,小雪
小雪,牛肉,宜食,小雪
小雪,羊肉,宜食,小雪
小雪,鱼类,宜食,小雪
小雪,乳类,宜食,小雪
小雪,茶水,宜食,小雪
小雪,健脑,功效,小雪
小雪,活血,功效,小雪
小雪,振奋精神,功效,小雪
小雪,进补,宜,小雪
小雪,平衡阴阳,可,小雪
糍粑,糯米,原料,小雪
糍粑,温热,性味,小雪
萝卜,平衡阴阳,用于,小雪
糍粑,萝卜,需配合,小雪
大雪,寒季,属于,大雪
大雪,封藏,应行,大雪
大雪,不熬夜,宜,大雪
大雪,不做剧烈运动,宜,大雪
大雪,不大喜大悲,宜,大雪
大雪,精神内守,宜,大雪
大雪,深冬,预示,大雪
大雪,小雪,对比,大雪
大雪,降水,反映,大雪
寒冬,偏北风,伴随,大雪
寒冬,暖气流,伴随,大雪
偏北风,降雪,导致,大雪
暖气流,降雪,导致,大雪
大雪,隆冬时节,标志着,大雪
大雪,篮装水不漏,对应谚语,大雪
江南,隆冬时节,进入,大雪
大雪,进补,进补时节,大雪
大雪,调饮食,养生重点,大雪
大雪,练形体,养生重点,大雪
大雪,慎房事,养生重点,大雪
大雪,适温寒,养生重点,大雪
大雪,一年不受寒,可达到,大雪
大雪,天寒地冻,特征,大雪
大雪,雪花飘飘,特征,大雪
大雪,咳嗽,可能导致,大雪
大雪,感冒,可能导致,大雪
大雪,受寒,可能导致,大雪
大雪,人体,易侵袭,大雪
大雪,寒邪,与,大雪
大雪,早卧晚起,起居建议,大雪
大雪,银装素裹,特征,大雪
大雪,堆雪人,适宜活动,大雪
大雪,溜冰,适宜活动,大雪
大雪,滑雪,适宜活动,大雪
大雪,滚雪球,适宜活动,大雪
大雪,北方,发生地点,大雪
自我按摩,通便排毒,功效,大雪
小雪,腌菜,习俗,大雪
大雪,腌肉,习俗,大雪
大雪,咸货,宜食,大雪
大雪,大盐,宜用,大雪
大雪,八角,宜用,大雪
大雪,桂皮,宜用,大雪
大雪,花椒,宜用,大雪
大雪,白糖,宜用,大雪
冬至,冬节,别称,冬至
冬至,长至节,别称,冬至
冬至,亚岁,别称,冬至
寒冬季,冬至,与,冬至
高血压,冬至,易发节气,冬至
动脉硬化,冬至,易发节气,冬至
冠心病,冬至,易发节气,冬至
冬至,太阳直射南回归线,特征,冬至
冬至,白天最短,特征,冬至
冬至,黑夜最长,特征,冬至
冬至,北回归线,与,冬至
冬至,日南至,特征,冬至
冬至,数九,对应习俗,冬至
三九,八十一天,持续,冬至
出九,春暖花开,对应,冬至
冬至,天寒地冻,对应,冬至
三九,天寒地冻,导致,冬至
天寒地冻,生活,影响,冬至
冬至,数九天气,导致,冬至
东北,千里冰封,景观,冬至
东北,琼装玉琢,景观,冬至
华南沿海,平均气温,气温,冬至
华南沿海,满目春光,景观,冬至
冬至,阴阳转换,标志,冬至
冬至,食补,养生重点,冬至
冬至,进补,养生重点,冬至
冬至,食材,宜食,冬至
冬至,进补,宜,冬至
冬至,增强体质,调养身体,冬至
冬至,抗病能力,增强,冬至
冬至,蛋白质,宜食,冬至
冬至,碳水化合物,宜食,冬至
冬至,肉类,宜食,冬至
冬至,蛋类,宜食,冬至
冬至,鱼类,宜食,冬至
冬至,豆制品,宜食,冬至
冬季,气候干燥,特征,冬至
冬季,气候干,特征,冬至
冬季,鼻干,导致,冬至
冬季,舌燥,导致,冬至
冬季,维生素,宜补充,冬至
冬季,新鲜蔬菜,宜食,冬至
冬季,水果,宜食,冬至
冬至,辛辣刺激,忌食,冬至
冬至,辛辣,忌食,冬至
冬至,防风防寒,宜,冬至
冬至,多穿衣服,宜,冬至
冬至,晒太阳,宜,冬至
冬天,春困,常见症状,冬至
冬天,秋乏,常见症状,冬至
冬天,打盹,常见症状,冬至
冬三月,打盹,常见症状,冬至
白天,打盹,常见症状,冬至
冬季,天气寒冷,特征,冬至
卧室,阳气,聚集,冬至
身体表面,卫气,形成,冬至
冬至,夏病冬疗,对应,冬至
夏病冬疗,针灸,方法,冬至
夏病冬疗,内服药物,方法,冬至
夏病冬疗,冬令进补,方法,冬至
三九天,阳气敛藏,特征,冬至
三九天,气血不畅,导致,冬至
三九天,毛孔闭塞,导致,冬至
三九天,贴敷,采用,冬至
贴敷,内病外治,属于,冬至
贴敷,保健,目的,冬至
贴敷,四时特性,顺应,冬至
便秘,辛辣刺激,忌食,冬至
便秘,辣椒,忌食,冬至
便秘,生姜,忌食,冬至
便秘,大蒜,忌食,冬至
便秘,芥末,忌食,冬至
便秘,柿子,忌食,冬至
便秘,山药,忌食,冬至
暴饮暴食,便秘,导致,冬至
辛辣刺激,便秘,导致,冬至
滋补五脏,润肠通便,功效,冬至
润肠通便,老人,适用于,冬至
润肠通便,儿童,适用于,冬至
润肠通便,产妇,适用于,冬至
润肠通便,便秘,主治,冬至
降压菜,降压,功效,冬至
冬天,保健,保健时期,冬至
冬天,保养,宜,冬至
高血压,保养,改善,冬至
高血压,降压菜,宜,冬至
降压菜,冬瓜,包括,冬至
降压菜,萝卜,包括,冬至
降压菜,胡萝卜,包括,冬至
降压菜,莲藕,包括,冬至
降压菜,洋葱,包括,冬至
降压菜,菊花,佐料,冬至
菊花,调神,作用,冬至
菊花,益气,作用,冬至
冬至,饺子,节气习俗,冬至
十月一,冬至,对应,冬至
冬至,水饺,宜食,冬至
水饺,安耳朵,对应,冬至
老人,安耳朵,认为,冬至
小寒,三九,处于,小寒
小寒,隆冬,处于,小寒
冷空,声势,影响,小寒
小寒,寒性凝滞,特征,小寒
小寒,寒性收引,特征,小寒
小寒,关节痛,导致,小寒
小寒,颈椎病,导致,小寒
小寒,心脑血管疾病,导致,小寒
小寒,壮阳,建议,小寒
小寒,节气,属于,小寒
小寒,大寒,与,小寒
小寒,小暑,与,小寒
小寒,大暑,与,小寒
小寒,处暑,与,小寒
小寒,一年中最寒冷的日子,标志着,小寒
小寒,三九天,后续进入,小寒
小寒,大寒,至,小寒
小寒,小寒胜大寒,有,小寒
小寒,二九,处于,小寒
大寒,三九,处于,小寒
小寒,小暑,对应,小寒
小寒,冷成冰团,特征,小寒
二九,小寒,对应,小寒
三九,小寒,与,小寒
小寒,严寒期,标志着,小寒
小寒,小寒、大寒冻作一团,民间谚语描述,小寒
小寒,天气寒冷,对应时段,小寒
小寒,土壤冻结,导致,小寒
小寒,河流封冻,导致,小寒
天气寒冷,土壤冻结,导致,小寒
天气寒冷,河流封冻,导致,小寒
雨水,湿冷,气候特征,小寒
小寒,降雪,时节特征,小寒
小寒,阴冷干燥,特征,小寒
小寒,寒意逼人,特征,小寒
小寒,食补,宜,小寒
小寒,合理锻炼,宜,小寒
小寒,调理起居,宜,小寒
小寒,食补,保养方法,小寒
小寒,合理锻炼,保养方法,小寒
小寒,调理起居,保养方法,小寒
小寒,耐受寒冷的能力,提高,小寒
小寒,免疫功能,提高,小寒
小寒,温热食物,宜食,小寒
小寒,温热食物,通过,小寒
小寒,身体锻炼,适宜,小寒
小寒,散步,推荐,小寒
小寒,慢跑,推荐,小寒
小寒,冬令,时节,小寒
小寒,冬季,时节,小寒
小寒,进补,对应养生方式,小寒
小寒,阳气潜藏,特征,小寒
膏方,小寒,服用时节,小寒
膏方,冬令,服用时机,小寒
老中医,小寒,活动时段,小寒
中药房,小寒,活动时段,小寒
小寒,胆经,气血旺于,小寒
胆经,外裤线,循行于,小寒
工作,精神,改善,小寒
晚上,睡觉,应,小寒
小寒,生津润燥,具有,小寒
小寒,清热化痰,具有,小寒
小寒,清火降气,具有,小寒
小寒,消食,具有,小寒
白菜豆腐汤,生津润燥,功效,小寒
白菜豆腐汤,清热化痰,功效,小寒
菠菜豆腐汤,生津润燥,功效,小寒
菠菜豆腐汤,清热化痰,功效,小寒
白萝卜,清火降气,功效,小寒
白萝卜,消食,功效,小寒
白菜,口鼻干燥,适用,小寒
萝卜,口鼻干燥,适用,小寒
腊八粥,节气习俗,属于,小寒
丰收,腊八粥,祈求,小寒
大寒,冰天雪地,时节特征,大寒
大寒,寒风凛冽,时节特征,大寒
大寒,小寒,相比,大寒
大寒,黄经300度,对应黄经,大寒
大寒,冰天雪地,特征,大寒
大寒,寒风凛冽,特征,大寒
大寒,气候变化,气候特征,大寒
大寒,风大,时节特征,大寒
大寒,低温,时节特征,大寒
大寒,积雪,时节特征,大寒
大寒,天寒地冻,时节特征,大寒
大寒,严寒,时节特征,大寒
大寒,寒潮南下,伴随现象,大寒
大寒,大地回春,预示,大寒
大寒,天气寒冷,特征,大寒
大寒,节气,属于,大寒
小寒,天气寒冷,特征,大寒
大雪,天气寒冷,特征,大寒
春天,冷而不干,特征,大寒
大寒,天气寒冷,对应,大寒
春节,除旧饰新,对应,大寒
中国人,除旧饰新,行为,大寒
大寒,小寒大寒，冷成一团,对应谚语,大寒
大寒,全年最低气温,可能对应,大寒
大寒节气,雨雪天气,常出现,大寒
大寒节气,农  作物防寒,应,大寒
大寒,寒冷,天气特征,大寒
大寒,保暖,养生重点,大寒
大寒节气,感冒,易导致,大寒
大寒节气,室外活动,空气质量与气温不适,大寒
大寒,封藏,宜,大寒
大寒,天气严寒,天气特征,大寒
大寒,皮肤血管收缩,影响,大寒
大寒,散热减少,影响,大寒
大寒,羊肉,宜食,大寒
大寒,生姜,忌食,大寒
大寒,大葱,忌食,大寒
大寒,酒,忌食,大寒
大寒,白菜,宜食,大寒
大寒,胡萝卜,宜食,大寒
大寒,菜花,宜食,大寒
大寒,蔬菜,宜食,大寒
大寒,多饮水,需,大寒
大寒,寒冷,天气,大寒
大寒,肌肉萎缩,导致,大寒
大寒,动作缓慢,导致,大寒
大寒,御寒,日常起居建议,大寒
室内,暖气,使用,大寒
室内,空调,使用,大寒
室内,开窗通风,应,大寒
室内,洒水,应,大寒
口干,饮水,导致,大寒
大寒节气,过年,常与,大寒
大寒节气,扫尘,对应活动,大寒
大寒节气,清洁卫生,对应活动,大寒
扫尘,房屋,涉及,大寒
扫尘,庭院,涉及,大寒
扫尘,锅碗,涉及,大寒
扫尘,被褥,涉及,大寒
扫尘,平安健康,祈愿,大寒
大寒,枸杞红枣茶,宜饮,大寒
枸杞红枣茶,补肝,功效,大寒
弹舌,健脑护脑,对应,大寒
弹舌,心,对应,大寒
健脑护脑,心,对应,大寒
弹舌,养心健脑,属于,大寒
弹舌,养心,用于,大寒
弹舌,健脑,用于,大寒
弹舌,舌头运动,属于,大寒
咽下,舌头运动,属于,大寒
舌头运动,失眠,对应,大寒
舌头运动,便秘,对应,大寒
舌头运动,哮喘,对应,大寒
舌头运动,耳鸣,对应,大寒
舌头运动,脑梗,对应,大寒
舌头运动,自我保健,属于,大寒
耳朵运动按摩法,手掌心,使用部位,大寒
耳朵运动按摩法,5～6次,操作频率,大寒
耳朵运动按摩法,保健,属于,大寒
耳朵运动按摩法,锻炼,属于,大寒
春节,团圆,习俗,大寒
二十四节气,饮食养生,涉及,未知
二十四节气,节气养生,与,未知
广州中医药大学,广州,位于,未知
广州,广东,属于,未知
清明,水果,宜食,清明
清明,喝水,宜食,清明
清明,羊肉,忌食,清明
清明,狗肉,忌食,清明
清明,热性食物,忌食,清明
清明,发物,慎食,清明
清明,肺肝,对应脏腑,清明
清明,散步,推荐锻炼,清明
清明,田园八段锦,推荐锻炼,清明
清明,草木吐绿,特征,清明
清明,百花竞放,特征,清明
清明,过敏性哮喘,导致,清明
清明,本病,导致,清明
花开朗秀,防哮喘,主治,清明
花粉,过敏性哮喘,导致,清明
花粉,本病,导致,清明
清明时节,春暖花开,特征,清明
清明时节,花粉过敏,易发,清明
清明时节,哮喘,易发,清明
清明时节,过敏性哮喘,易发,清明
春天,风沙,天气较,清明
春天,花粉过敏,易发,清明
春天,哮喘,易发,清明
春天,过敏性哮喘,易发,清明
花粉,花粉过敏,导致,清明
花粉过敏,哮喘,导致,清明
花粉过敏,过敏性哮喘,导致,清明
过敏性哮喘,咳嗽,症状,清明
过敏性哮喘,胸闷,症状,清明
春瘟,疾病,易发,清明
春瘟,复发,可能导致,清明
户外,散步,建议,清明
植物,过敏,导致,清明
过敏,哮喘,导致,清明
公园,过敏性哮喘,可能引发,清明
清明,气清景明,特征,清明
清明,万物洁显,特征,清明
清明,夜温差较大,特征,清明
清明,呼吸道感染,易发,清明
清明,上清下明,含有,清明
清明,哮喘,易诱发,清明
清明时节,天气变化,应注意,清明
清明,桐始华,分为三候,清明
清明,田鼠化,分为三候,清明
清明,及时增减衣物,应,清明
清明,受凉感冒,应避免,清明
清明,升高,气温变化,清明
清明,疾病,可能引发,清明
清明,旧病宿,易诱发,清明
清明,刺激性,气候特征,清明
特殊体质,春瘟,易感,清明
春瘟,特殊体质,病因,清明
春瘟,流感,包括,清明
春瘟,流脑,包括,清明
春瘟,猩红热,包括,清明
春瘟,麻疹,包括,清明
春瘟,痄腮,包括,清明
春瘟,心血管,影响,清明
春瘟,消化,影响,清明
春瘟,呼吸,影响,清明
清明,寒流侵袭,导致,清明
清明,多风,导致,清明
清明,干燥,导致,清明
发物,动风,导致,清明
发物,生痰,导致,清明
发物,发毒,导致,清明
发物,助火,导致,清明
发物,助邪,导致,清明
发物,防御功能,削弱,清明
发物,感染,易诱发,清明
发物,疾病,可能加重,清明
发物,带鱼,包括,清明
清明,春瘟,应预防,清明
清明,枸杞,宜食,清明
清明,大枣,宜食,清明
清明,豆制品,宜食,清明
清明,动物血,宜食,清明
清明,银耳,宜食,清明
清明,肝,养肝,清明
清明,户外散步,宜进行,立春
清明,登山,宜进行,立春
清明,八段锦,宜进行,立春
八段锦,精气神,作用于,立春
八段锦,运动养生,属于,立春
情志养生,肝气,对应,立春
清明时节,八段锦,宜练习,清明
清明时节,疲劳,可缓解,清明
清明时节,身心,可放松,清明
清明时节,心态,可提高,清明
清明时节,心情舒畅,可促进,清明
清明时节,心平气和,可达到,清明
清明时节,免疫力,可增强,清明
清明时节,身体潜能,可激发,清明
清明时节,糖尿病,有助于治疗,清明
清明时节,焦虑症,有助于预防,清明
清明时节,失眠,有助于预防,清明
清明,中医药获奖项目论文,免费刊发,清明
中医药科技成果生产力转化,中医药继续教育学员,有利于,清明
立春,踏青,宜,立春
立春,养肝,宜,立春
立春,早起,宜,立春
立春,泡脚,宜,立春
立春,防春寒,宜,立春
立春,制怒,宜,立春
立春,怡情,宜,立春
立春,寡欲,宜,立春
立春,春捂,防春寒,立春
立春,天气乍暖还寒,特征,立春
立春,万物复苏,特征,立春
立春,细菌病,易发,立春
立春,防风保暖,养生重点,立春
春捂,足底,重点部位,未知
春捂秋冻,春气,与自然呼应,未知
立春,流感,对应,立春
立春,流脑,对应,立春
立春,麻疹,对应,立春
立春,猩红热,对应,立春
立春,肺炎,对应,立春
立春,室内空气清新,三候之一,立春
立春,东风解冻,三候之一,立春
立春,蜇虫始振,三候之一,立春
立春,鱼陟负冰,三候之一,立春
立春,勤开窗、常通风,宜,立春
立春,阳气生,饮食调养重点,立春
立春,东风送暖,特征,立春
立春,鱼发,导致,立春
立春,气温忽高忽低,特征,立春
立春,香菜,宜食,立春
酸味,肝,入,立春
立春,咬春,习俗,立春
起居养生,早起,包含,立春
起居养生,晚睡,包含,立春
起居养生,生津,功效,立春
起居养生,解毒,功效,立春
春三月,发陈,特征,未知
春三月,天地俱生,特征,未知
春三月,理气,养生重点,未知
春三月,祛痰,养生重点,未知
春三月,通气,养生重点,未知
春三月,止咳,养生重点,未知
春三月,解酒,养生重点,未知
春三月,早起,养生重点,未知
春三月,广步于庭,养生重点,未知
春三月,被发缓形,养生重点,未知
春三月,使志生,养生重点,未知
春三月,生而勿杀,养生重点,未知
春三月,赏而勿罚,养生重点,未知
春三月,萝卜,宜食,未知
春三月,芽菜,宜食,未知
春三月,春气,对应概念,未知
春三月,养生之道,养生之道,未知
立春,香椿芽,宜食,立春
立春,姜芽,宜食,立春
立春,晚睡早起，与日俱兴,睡眠原则,立春
春三月,发陈,特征,立春
发陈,发散,含义,立春
发陈,陈旧,含义,立春
立春,养肝,养生重点,立春
生气,不畅,导致,未知
生气,神经内分泌系统,影响,未知
生气,精神病,导致,未知
生气,肝病,导致,未知
运动,踏青,宜,未知
运动,散步,宜,未知
运动,慢跑,宜,未知
运动,打太极,宜,未知
运动,微有汗出,方式,未知
运动,气喘吁吁,忌,未知
立春,调养精神,宜,立春
立春,保持乐观情绪,宜,立春
立春,运动,宜,立春
立春,戒暴怒,宜,立春
立春,养肝,调养重点,立春
立春,按摩,宜用,立春
立春,脾胃,调养重点,立春
立夏,养阳,养生重点,立夏
立夏,护心,养生重点,立夏
立夏,睡午觉,宜,立夏
立夏,晚睡早起,宜,立夏
立夏,调息静气,宜,立夏
立夏,气候炎热,特征,立夏
立夏,葱姜,宜食,立夏
立夏,牛奶,宜食,立夏
立夏,豆肉,宜食,立夏
正午,气候炎热,特征,立夏
正午,血管扩张,导致,立夏
午后,精神不振,出现,立夏
葱姜,有氧,用于,立夏
立夏,养阳,特征,立夏
立夏,养心,特征,立夏
立夏,葱,宜食,立夏
立夏,姜,宜食,立夏
立夏,常食粥,宜食,立夏
立夏,午睡,宜,立夏
立夏,冠心病,可预防,立夏
立夏,心肌梗死,可预防,立夏
立夏,养心,养生重点,立夏
中午,午休,不宜,立夏
中午,听音乐,宜,立夏
饮酒,适量,不宜,立夏
饮食,豆类,宜,立夏
饮食,新鲜蔬菜,宜,立夏
饮食,水果,宜,立夏
饮食,粗粮,宜,立夏
葱姜,养阳,作用,立夏
立夏,阳气生发,特征,立夏
立夏,祛寒,宜,立夏
立夏,化痰止咳,宜,立夏
立夏,健脾暖胃,宜,立夏
立夏,春夏养阳,符合,立夏
生姜,姜醇,含有,立夏
生姜,姜烯,含有,立夏
生姜,柠檬醛,含有,立夏
立夏,疲劳,缓解,立夏
立夏,乏力,缓解,立夏
立夏,失眠,缓解,立夏
立夏,开胃,功效,立夏
立夏,健脾,功效,立夏
立夏,受凉,预防,立夏
立夏,感冒,预防,立夏
挥发性葱蒜辣素,葱,存在于,立夏
挥发性葱蒜辣素,生姜,存在于,立夏
挥发性葱蒜辣素,呼吸道,作用于,立夏
挥发性葱蒜辣素,汗腺,作用于,立夏
挥发性葱蒜辣素,泌尿道,作用于,立夏
挥发性葱蒜辣素,发汗,可导致,立夏
挥发性葱蒜辣素,祛痰,可导致,立夏
挥发性葱蒜辣素,利尿,可导致,立夏
暮春,燥热,时节特征,立夏
暮春,饮酒,可少量,立夏
立夏,生津止渴,宜,立夏
华北,养护脾胃,可,立夏
西北,养护脾胃,可,立夏
春季,多风,特征,立夏
春季,短暂,易发生,立夏
啤酒,畅通气血,可,立夏
啤酒,消暑解渴,可,立夏
立夏,瘦肉,宜食,立夏
立夏,豆类,宜食,立夏
立夏,水果蔬菜,宜食,立夏
立夏,蛋白质,补充,立夏
立夏,维生素,补充,立夏
立夏,粗粮,搭配,立夏
立夏,消化,促进,立夏
立夏,气候,顺应,立夏
立夏,散步,宜进行,立夏
立夏,慢跑,宜进行,立夏
立夏,打太极拳,宜进行,立夏
立夏,有氧运动,宜进行,立夏
立夏,气温的升高,特征,立夏
立夏,出汗,易发,立夏
立夏,早点起床,宜,立夏
按摩,内关穴,作用于,立夏
按摩,心脏,保护,立夏
按摩,心痛,缓解,立夏
按摩,心悸,缓解,立夏
口中津液,丹田,与,立夏
丹田,功法,常练,立夏
功法,神平体安,使,立夏
功法,肺脏,不伤及,立夏
立夏节,心脏,应重点养护,立夏
高温天气,心躁,易导致,立夏
立夏节,情志养生,应重视,立夏
情志养生,戒怒戒躁,主张,立夏
夏季,调息净心,宜,未知
调息净心,冰雪在心,对应,未知
立夏,炎热,特征,立夏
立夏,神清气和,宜,立夏
立夏,心情舒畅,宜,立夏
立夏,大喜大悲,忌,立夏
大寒,寡欲,宜,大寒
大寒,关节,对应脏腑,大寒
大寒,寒凉,忌,大寒
大寒,阳气,调补,大寒
大寒节气,寒从脚下起,俗语依据,大寒
脚部,全身,影响,大寒
大寒,泡脚,宜,大寒
小寒,公历月日前后,时间,小寒
小寒,供血不足,导致,小寒
小寒,下肢,对应,小寒
小寒,心,影响,小寒
小寒,肾,影响,小寒
小寒,血管,影响,小寒
全身,发热,出现,大寒
全身,微有汗出,出现,大寒
泡脚,生姜,可掺入,大寒
泡脚,花椒,可掺入,大寒
大寒,降水凉,特征,大寒
大寒,寒潮,常伴有,大寒
大寒,大风天气,常伴有,大寒
大寒,温经止痛,功效,大寒
大寒,活血通络,功效,大寒
大寒,天寒地冻,特征,大寒
大寒,人参,宜食,大寒
晒太阳,类风湿性关节炎,对,立春
晒太阳,贫血,对,立春
晒太阳,恢复,有助于,立春
晒太阳,后背,宜晒,立春
立春,大寒,与,立春
小寒,进补,饮食特点,小寒
二十四节气养生歌,杨建宇,创编,未知
中国中医药现代远程教育杂志社,北京,所在地,未知
惊蛰,万物长,特征,惊蛰
惊蛰,调达肝气,宜,惊蛰
惊蛰,和阴阳,宜,惊蛰
惊蛰,多练静,宜,惊蛰
惊蛰,平衡阴阳,宜,惊蛰
慎防劳复,疾病发,对应,惊蛰
亡羊补牢,疾病发,对应,惊蛰
事半功倍,正向逆转,目标,惊蛰
疾病发,发展,发展规律,惊蛰
疾病发,传播,传播规律,惊蛰
疾病发,转化,转化规律,惊蛰
疾病发,正向逆转,可逆方向,惊蛰
未病,慎防劳复,防治理念,惊蛰
未病,事半功倍,防治理念,惊蛰
饮食,酸味,宜少吃,惊蛰
饮食,甘味,宜多吃,惊蛰
饮食,健脾,以,惊蛰
饮食,温热食物,宜多吃,惊蛰
饮食,野菜,宜多吃,惊蛰
饮食,健康,有助于,惊蛰
运动方式,慢跑,包括,惊蛰
运动方式,太极拳,包括,惊蛰
运动方式,放风筝,包括,惊蛰
运动方式,坐功,包括,惊蛰
精神,情绪,需调节,惊蛰
情绪,妄动肝火,忌,惊蛰
惊蛰,调达肝气,养生重点,惊蛰
惊蛰,肝气,对应气机,惊蛰
惊蛰,春雷始鸣,特征,惊蛰
惊蛰,二月节,对应时间,惊蛰
惊蛰,蒲公英,宜食,惊蛰
惊蛰,自然物候,反映,雨水
惊蛰,做馅,反映,雨水
惊蛰,华北地区,对应地区气温变化,雨水
惊蛰,江南一带,对应地区气温变化,雨水
春天,放风筝,宜,未知
春天,放风筝,养生要点,未知
惊蛰,阳气生发,特征,惊蛰
惊蛰,倒春寒,易发,惊蛰
惊蛰,放风筝,宜,惊蛰
惊蛰,锻炼,宜,惊蛰
惊蛰,大自然,与,惊蛰
惊蛰,新陈代谢,影响,惊蛰
惊蛰,天气转暖,特征,惊蛰
惊蛰,坐功,可练,惊蛰
惊蛰,春困,常出现,惊蛰
邪毒,春困,可导致,惊蛰
惊蛰,晚睡早起,宜,惊蛰
惊蛰,慢步缓行,宜,惊蛰
惊蛰,愉悦,易出现,惊蛰
惊蛰,长痤疮,易出现,惊蛰
惊蛰,怕热出汗,易出现,惊蛰
惊蛰,饮食养生,应重视,惊蛰
惊蛰,焦躁,力戒,惊蛰
惊蛰,抑郁,力戒,惊蛰
惊蛰,发泄,宜通过,惊蛰
惊蛰,转移,宜通过,惊蛰
惊蛰,温热健脾食物,宜多吃,惊蛰
惊蛰,妄动肝火,忌,惊蛰
惊蛰,春日宜省酸增甘,养生原则,惊蛰
御寒,韭菜,宜食,惊蛰
御寒,洋葱,宜食,惊蛰
御寒,大蒜,宜食,惊蛰
御寒,魔芋,宜食,惊蛰
御寒,香菜,宜食,惊蛰
御寒,生姜,宜食,惊蛰
御寒,葱,宜食,惊蛰
养脾气,脾,对应,惊蛰
养脾气,脾气,对应,惊蛰
健脾,脾,对应,惊蛰
春日,糯米,宜食,惊蛰
春日,黑米,宜食,惊蛰
春日,高粱,宜食,惊蛰
春日,燕麦,宜食,惊蛰
春日,南瓜,宜食,惊蛰
春日,扁豆,宜食,惊蛰
春日,红枣,宜食,惊蛰
春日,桂圆,宜食,惊蛰
春日,核桃,宜食,惊蛰
春日,栗子,宜食,惊蛰
惊蛰,野菜,宜食,惊蛰
野菜,健康,有益,惊蛰
谷雨,开窗通风,宜,谷雨
谷雨,冷腻食物,忌,谷雨
谷雨,养阳,宜,谷雨
谷雨,温疫,防,谷雨
谷雨,花粉过敏,防,谷雨
谷雨,不良情绪,调节,谷雨
谷雨,甜少酸,宜食,谷雨
谷雨,冷腻,忌食,谷雨
谷雨,调达肝气,节气特点,谷雨
谷雨,膏脉动,节气特点,谷雨
谷雨,谷于水,节气特点,谷雨
谷雨,播种,对应技术,谷雨
谷雨,降雨量增多,特征,谷雨
谷雨,浮萍开始生长,特征,谷雨
谷雨,谷雨夏未到,民间谚语,谷雨
谷雨,布饮莫先行,对应概念,谷雨
谷雨节气,播种,宜,清明
谷雨节气,肠胃不适,导致,清明
谷雨节气,断霜,对应,清明
谷雨,踏青,宜,谷雨
谷雨,慢跑,宜,谷雨
谷雨,放风筝,宜,谷雨
谷雨,油腻,应避免,谷雨
谷雨,辛辣刺激,应避免,谷雨
平均气温,脾胃,影响,谷雨
谷雨,天气较暖,特征,谷雨
谷雨,降雨量增加,特征,谷雨
谷雨,懒散形骸,宜,谷雨
谷雨,大汗,禁忌,谷雨
谷雨,养脏气,应,谷雨
谷雨,春作物播种生长,利于,谷雨
谷雨,雨生百谷,含义,谷雨
谷雨,春夏之交,处于,谷雨
谷雨,出汗,可能导致,谷雨
出汗,气血健康,过度则影响,谷雨
谷雨,谷雨三月中坐,宜练,谷雨
谷雨,自然盘坐,养生要点,谷雨
谷雨,上举托天,养生要点,谷雨
谷雨,左转,养生要点,谷雨
谷雨,连续阴雨,易发症状,谷雨
谷雨,大风暴雨,易发症状,谷雨
谷雨,感冒,易致,谷雨
谷雨,春捂,宜,谷雨
漱津,津液,产生,谷雨
咽下,丹田,意想送至,谷雨
功法,漱津,对应,谷雨
谷雨节气,天气转暖,特征,谷雨
谷雨节气,经络养生,宜,谷雨
谷雨节气,浴足,宜,谷雨
谷雨节气,温经,宜,谷雨
花粉过敏,谷雨节气,易发于,谷雨
过敏体质,花粉过敏,易发,谷雨
谷雨,雨水增多,导致,雨水
谷雨,春夏之交,对应,雨水
雨水增多,打喷嚏,导致,雨水
谷雨,风湿病,易发,雨水
谷雨,风湿病,易发,谷雨
谷雨,复发,易发,谷雨
关节,烦恼,易受,谷雨
部位,保暖,需,谷雨
衣服,潮湿,忌,谷雨
妄动肝火,肝火,属于,谷雨
肝火,肝,影响,谷雨
谷雨,谷雨养生汤,宜食,谷雨
谷雨养生汤,吴鞠通,创编,谷雨
锻炼身体,关节肿痛,可能出现,谷雨
锻炼身体,肿胀,可能出现,谷雨
商城县,乡村医生准入制度,实施,谷雨
谷雨,鸭梨,宜食,谷雨
谷雨,荸荠,宜食,谷雨
谷雨,甘蔗,宜食,谷雨
谷雨,麦冬,宜食,谷雨
谷雨,鲜芦根,宜食,谷雨
谷雨,冰糖,宜食,谷雨
乡村医生准入制度,乡村医生培养培训制度,建立,谷雨
村卫生室,信息化管理,实现,谷雨
谷雨,暮春,特征,谷雨
谷雨,酸味食物,忌食,谷雨
脾,养脾,养护方法,谷雨
脾,省酸增甘,对应,谷雨
酸味食物,脾,不利于,谷雨
春分,白天黑夜平分,特征,立春
春分,花开游园情志畅,情志养生,立春
春分,晚睡早起,生活作息,立春
春分,阴阳平衡,特征,春分
春分,昼夜均等,特征,春分
春分,寒温各半,特征,春分
春分,阳阳相半,特征,春分
春分,寒暑平,特征,春分
春分,和胃防感挂香囊,养生建议,春分
春分,养颜梳头,养生建议,春分
春分,调和阴阳,养生重点,春分
春分,晚睡早起,起居建议,春分
春分,慢步缓行,起居建议,春分
春分,梳头,起居建议,春分
春分,血,滋养,雨水
血,头发,坚固,雨水
春分,流行病,防治,雨水
春分,春暖花开,对应景象,雨水
春分,游园赏花,宜,雨水
游园赏花,心情,作用,雨水
春分,春三月,属,春分
春分,发陈,对应,春分
春分,昼夜长短平均,特征,春分
春分,春季,对应节气,春分
春分,广步于庭,养生原则,春分
春分,披发缓行,养生原则,春分
春分,使志生,养生原则,春分
春分,晚睡早起,养生原则,春分
春分,慢步缓行,养生原则,春分
春分,天地俱生,开始,春分
春分,太阳直射赤道,特征,春分
春分,昼夜平分,特征,春分
春分,阳光逐渐增多,特征,春分
春分,天气日渐暖和,特征,春分
春分,日夜温差较大,特征,春分
春分,夜温差较大,特征,春分
春分,寒流侵袭,特征,春分
春分,适时增减衣物,养生建议,春分
春分,勿极寒,养生原则,春分
春分,勿太热,养生原则,春分
老人,适时增减衣物,应,未知
老人,感冒,易,未知
大蒜,助阳,功效,未知
蛋类,滋阴,功效,未知
春天,梳头,宜行,春分
春天,肝气,可通,春分
春天,头发不白,可使,春分
春分,菠菜,尤其适宜,春分
春分,荠菜,尤其适宜,春分
春分,鸡肉,尤其适宜,春分
春分,鸡肝,尤其适宜,春分
春天,甘味,应多食,春分
春天,大枣,应多食,春分
春天,山药,应多食,春分
春天,酸味,应少吃,春分
春天,番茄,应少吃,春分
春分,柠檬,宜食,雨水
春分,橘子,宜食,雨水
春分,肝,对应脏腑,雨水
春分,脾,对应脏腑,雨水
春分,健脾祛湿,养生重点,雨水
香囊,头痛,防治,未知
运动养生,人体,以平为期,未知
春分,天气转暖,特征,春分
春分,春暖花开,特征,春分
春分,踏青游玩,宜,春分
春分,锻炼身体,宜,春分
春分,流感,导致,春分
春分,水痘,导致,春分
春分,甲型肝炎,导致,春分
春分,肺园,导致,春分
春分,郊外,宜,春分
春分,万物复苏,特征,春分
香囊,愉悦,防治,春分
香囊,穴位,作用途径,春分
香囊,经络,作用途径,春分
香囊,活血,功效,春分
香囊,化瘀,功效,春分
香囊,平衡阴阳,功效,春分
香囊,儿童,适用于,春分
香囊,老人,适用于,春分
香囊,流感,预防,春分
香囊,心脑血管疾病,防治,春分
香囊,气机,调节,春分
香囊,经络,疏通,春分
春分,大自然阴阳各占一半,特征,春分
春分,以平为期,宜,春分
行房事,平和愉快的心情,应保持,春分
行房事,科学合理的安排性生活,应,春分
情绪烦躁,太过压抑,属于,春分
饮食,寒热均衡,宜,春分
养生,鸭肉,宜,未知
养生,兔肉,宜,未知
鸭肉,寒性,属性,未知
兔肉,寒性,属性,未知
小满,风火煽,导致,小满
小满,户外活动,宜,小满
小满,风扇,降温方式,小满
小满,空调,降温方式,小满
室内,凉意,感觉到,小满
小满,湿热,气候特征,雨水
小满,清淡,饮食原则,雨水
小满,薏苡仁,宜食,雨水
小满,绿豆,宜食,雨水
小满,冬瓜,宜食,雨水
小满,丝瓜,宜食,雨水
小满,黄瓜,宜食,雨水
小满,西瓜,宜食,雨水
小满,鲫鱼,宜食,雨水
小满,清热利湿,宜用,雨水
心情舒畅,制怒,对应方法,雨水
小满,甘肥滋腻,节气特点,小满
小满,生湿助热,节气特点,小满
小满,苦菜,宜食,小满
小满,败酱草,宜食,小满
小满,动物脂肪,忌食,小满
小满,油炸熏烤食,忌食,小满
小满,辣椒,忌食,小满
小满,芥末,忌食,小满
小满,胡椒,忌食,小满
小满,茴香,忌食,小满
小满,羊肉,忌食,小满
小满,狗肉,忌食,小满
小满,菜的时节,对应时节,小满
小满,灌浆,对应过程,小满
小满,饱满,对应过程,小满
小满,周书,引用来源,小满
小满,清热解毒,具有,雨水
小满,凉血,具有,雨水
苦菜,清热解毒,具有,雨水
苦菜,凉血,具有,雨水
苦菜,安心益气,功效,雨水
苦菜,心,作用于,雨水
苦菜,气,作用于,雨水
潮湿闷热,升高,导致,雨水
小满,苦菜秀,一候,小满
小满,靡草死,二候,小满
小满,麦秋至,三候,小满
苦菜,做汤,可用于,小满
苦菜,做馅,可用于,小满
苦菜,煮面,可用于,小满
小满,春夏,对应时节,小满
小满,春夏养阳,对应原则,小满
小满,淡盐水,宜饮,小满
小满,绿豆汤,宜饮,小满
雨水,着凉感冒,导致,雨水
坐功,养生,目的,雨水
雨水,感冒,导致,雨水
雨水,叩齿,宜,雨水
雨水,漱津,宜,雨水
小满,漱津,宜,雨水
漱津,一息,对应,小满
小满,手厥阴心包经,对应,小满
手厥阴心包经,心包,对应,小满
心包,心脏,保护,小满
小满,烦躁不安,易发症状,小满
中冲穴,无名指,位于,小满
中冲穴,小指,位于,小满
极泉穴,手少阴心经,属于,小满
拍打,烦躁不安,可缓解,小满
反舌鸟,阴气,感应,芒种
芒种,雨水增多,伴随症状,雨水
芒种,湿度变大,伴随症状,雨水
芒种,防暑,养生要点,雨水
梅雨天,天气异常湿热,天气特征,雨水
梅雨天,阴雨连绵,伴随症状,雨水
梅雨天,祛暑益气津止渴,养生要点,雨水
梅雨天,食品要鲜忌坚果,饮食建议,雨水
芒种,气候炎热,气候特征,雨水
芒种,雨水增多,气候特征,雨水
芒种,防暑,养生重点,雨水
芒种,饮食宜清淡,饮食建议,雨水
睡眠,阴阳盛衰,与,雨水
午时,合阳,对应,未知
子时,新鲜蔬菜,宜食,未知
子时,水果,宜食,未知
子时,坚果,少食,未知
子时,睡觉,宜,芒种
子时,养阴,功效,芒种
午时,睡觉,宜,芒种
午时,养阳,功效,芒种
晚上,睡觉,宜,芒种
芒种,芒种忙忙种,对应农谚,芒种
芒种,养阴,宜,芒种
芒种,养阳,宜,芒种
子午觉,养阴,作用,芒种
子午觉,养阳,作用,芒种
芒种,晚谷,与,芒种
芒种,湿热,气候,芒种
芒种,大麦,宜食,芒种
芒种,小麦,宜食,芒种
芒种,肝,对应脏腑,芒种
芒种,心,对应脏腑,芒种
芒种,螳螂生,对应三候,芒种
芒种,鹏始鸣,对应三候,芒种
芒种,反舌无声,对应三候,芒种
夏播,晚谷,作物类型,芒种
夏播,季节,时节,芒种
芒种,洗澡,宜,芒种
芒种,发泄,宜,芒种
伯劳鸟,阴气,感,芒种
芒种,天气炎热,特征,芒种
芒种,多喝水,宜,芒种
脏腑功能失调,神经功能紊乱,导致,芒种
脏腑功能失调,心中动悸不安,导致,芒种
肝肾,益精血,相关,芒种
心,养心安神,相关,芒种
脾,健脾祛湿,相关,芒种
白露,耐寒训练,宜,白露
耐寒训练,机体抵抗力,提高,白露
秋三月,滋阴益气,宜,未知
秋三月,早睡早起,作息,未知
白露,气候干燥,特征,白露
白露,菊花,宜食,白露
白露,桂结,宜食,白露
白露,口干,导致,白露
白露,唇干,导致,白露
白露,鼻干,导致,白露
白露,咽干,导致,白露
白露,大便干,导致,白露
白露,皮肤干裂,导致,白露
燥邪,多喝水,预防方法,未知
燥邪,早睡早起,预防方法,未知
燥邪,滋阴益气,对应功效,未知
燥邪,生津润燥,对应功效,未知
生津润燥,燥邪,对应,白露
收敛神气,不良情绪,对应,白露
节气特点,适量,建议,白露
白露,滋阴,功效,白露
白露,益气,功效,白露
白露,敛汗,功效,白露
白露,阴津亏虚,可防治,白露
白露,烦热口渴,可防治,白露
白露,气短神疲,可防治,白露
白露,公历,节气时间,白露
白露,月令七十二候集解,依据,白露
白露,气温变化,特征,白露
白露,莲子,宜食,白露
白露,百合,宜食,白露
白露,精瘦肉,宜食,白露
白露,精盐,调味,白露
白露,味精,调味,白露
白露,鸿雁来,一候,白露
白露,玄鸟归,二候,白露
白露,润肺止咳,养生建议,白露
白露,养心安神,养生建议,白露
白露节气,枸杞子,宜食,白露
白露节气,粳米,宜食,白露
白露节气,玫瑰花,宜食,白露
白露节气,冰糖,宜食,白露
白露,减苦增辛,养生要点,白露
白露,助筋补血,养生要点,白露
白露,养心肝脾胃,养生要点,白露
白露,辛味食物,宜食,白露
白露,韭菜,宜食,白露
白露,香菜,宜食,白露
白露,酒,宜食,白露
白露,苦味食物,忌食,白露
白露,苦瓜,忌食,白露
白露,莴笋,忌食,白露
白露,露身,对应警示,白露
白露,着凉易泻肚,对应警示,白露
白露,凉爽,天气特征,白露
食物,肝气,助,白露
白露,昼夜温差,昼夜温差较大,白露
白露,慢跑,宜,白露
白露,爬山,宜,白露
白露,太极拳,宜,白露
白露,运动,宜,白露
腹部,保暖,应注意,白露
脾胃,腹泻,易受寒,白露
受寒,腹泻,导致,白露
衣服,保暖,用于,白露
呼吸,肺,涉及,白露
呼吸,腹部,涉及,白露
白露,慢跑,宜进行,白露
慢跑,收敛神气,有助于,白露
不良情绪,心境平和,会影响,白露
小暑,久坐,忌,小暑
木料,露打雨淋,易受,小暑
木椅,露打雨淋,易受,小暑
木凳,露打雨淋,易受,小暑
露打雨淋,潮气,导致,小暑
三伏,夏练三伏百步走,时间,小暑
小暑,风湿,可能导致,小暑
小暑,关节炎,可能导致,小暑
小暑,心态平和,宜,小暑
小暑,荷叶,宜食,小暑
小暑,蔬菜,宜食,小暑
小暑,水果,宜食,小暑
小暑,散土茯苓,宜食,小暑
小暑,扁豆,宜食,小暑
小暑,薏苡仁,宜食,小暑
小暑,猪苓,宜食,小暑
小暑,泽泻,宜食,小暑
小暑,睡眠要充足,作息建议,小暑
小暑,游泳,宜,小暑
小暑,太极拳,宜,小暑
小暑,三花三叶三豆三果,节气特点,小暑
小暑,西瓜,宜食,小暑
小暑,黄瓜,宜食,小暑
小暑,丝瓜,宜食,小暑
小暑,冬瓜,宜食,小暑
小暑,视太阳到达黄花,特征,小暑
小暑,金银花,宜食,小暑
小暑,菊花,宜食,小暑
小暑,百合花,宜食,小暑
小暑,药店,对应地点,小暑
小暑,气候炎热,特征,小暑
小暑,淡竹叶,宜食,小暑
小暑,薄荷叶,宜食,小暑
小暑,药店,可获取于,小暑
小暑,绿豆,宜食,小暑
小暑,苦瓜,宜食,小暑
小暑,温风至,一候,小暑
小暑,血解毒,二候,小暑
小暑,滋肝明目,二候,小暑
小暑,蟋蟀居宇,三候,小暑
小暑,鹰始鸷,三候,小暑
小暑,抗癌作用,具有,小暑
苦瓜,苦瓜素,含有,小暑
苦瓜素,脂肪杀手,被誉为,小暑
江淮流域,梅雨,即将结束,小暑
盛夏,小暑,开始,小暑
华北,多雨季节,进入,小暑
东北地区,多雨季节,进入,小暑
苦瓜,癌变,抑制,小暑
小暑,天气炎热,气候特点,小暑
小暑,降雨增多,气候特点,小暑
小暑,运动养生,养生要点,小暑
小暑,散步,运动养生,小暑
小暑,太极拳,运动养生,小暑
小暑,游泳,运动养生,小暑
小暑,早晨,起居养生,小暑
小暑,傍晚,起居养生,小暑
小暑,少动多静,起居养生,小暑
游泳,消暑,功能,小暑
游泳,健身,功能,小暑
盛夏,少动多静,宜,小暑
阳气,护卫体表,具有,小暑
阳气,抵御外邪,具有,小暑
少动多静,盛夏,对应,小暑
小暑,健身,宜,小暑
小暑,消暑,宜,小暑
小暑,劳逸结合,运动建议,小暑
小暑,凉快,症状表现,小暑
小暑,舒适,症状表现,小暑
游泳,血液循环,促进,小暑
运动,血液循环,有助于,小暑
小暑,气候炎热,气候特征,小暑
小暑,烦躁不安,易发症状,小暑
小暑,瑜伽,宜练习,小暑
小暑,心静,宜保持,小暑
情绪,烦躁,受干扰,小暑
心境平和,心静,对应,小暑
烦躁,情绪,影响,小暑
寒露,二十四节气养生歌,养生内容,寒露
寒露,杨建宇,相关作者,寒露
寒露,王志华,相关作者,寒露
寒露,李彦知,相关作者,寒露
寒露,中国中医药现代远程教育杂志社,发布来源,寒露
寒露,北京,发布地点,寒露
夏至,心静自然凉,特征,夏至
夏至,晚睡早起,养生建议,夏至
夏至,暑伤津气,特征,夏至
夏至,炎热,特征,夏至
夏至,公历月日前后,时间,夏至
夏至,经°时,时间,夏至
夏至,开始,时间,夏至
夏至,饮食过寒凉,忌食,夏至
夏至,神清气和,宜,夏至
夏至,着装,防护,夏至
夏至,北半球,白昼最长,夏至
夏至,一年中,白昼最长,夏至
夏至,炎热,气候,夏至
夏至,防暑,养生,夏至
夏至,防晒,养生,夏至
夏至,鹿角解,三候,夏至
夏至,蝉始鸣,三候,夏至
夏至,晚睡早起,宜,夏至
夏至,午休,宜,夏至
夏至,心静自然凉,宜,夏至
夏至,寒凉,忌,夏至
半夏,沼泽,生长环境,夏至
半夏,水田,生长环境,夏至
仲夏,炎热,特征,夏至
夏至,酸味,宜食,夏至
夏至,咸味,宜食,夏至
夏至,白昼最长,特征,夏至
夏至,失常,可能导致,夏至
夏至,心,对应脏腑,夏至
夏至,心肌,对应脏腑,夏至
三伏,暑热天气,对应,夏至
七月中旬到八月中旬,寒凉食物,忌食,夏至
夏至,寒凉食物,忌食,夏至
夏至,凉粉,饮食禁忌,夏至
夏至,冷粥,饮食禁忌,夏至
夏至,受寒,可能导致,夏至
夏至,霍乱,可能导致,夏至
起居养生,晚睡早起,建议,夏至
夏至,夜晚最短,特征,夏至
外热内寒,贪多,导致,夏至
夜伤脾胃,吐泻,导致,夏至
夏至,心旺肾衰,对应,夏至
心旺肾衰,外热内寒,表现为,夏至
夏至,气候炎热,特征,夏至
夏至,西瓜,宜,夏至
夏至,绿豆汤,宜,夏至
夏至,养阳,养生重点,夏至
夏至,疲劳,可缓解,夏至
夏至,气候变化,应顺应,夏至
夏至,汗泄太多,易导致,夏至
汗泄太多,伤阴气,导致,夏至
汗泄太多,损阳气,导致,夏至
夏至,防晒,宜,夏至
防晒,公园庭院,宜选择场地,夏至
防晒,空气清新,宜选择环境,夏至
夏气,红色,对应颜色,未知
夏气,黑色,对应颜色,未知
夏气,藏青色,对应颜色,未知
红色,紫外线,可大量吸收,未知
情志养生,素问•四气调神大论,依据,未知
使志无怒,情志养生,对应,未知
使华英成秀,情志养生,对应,未知
使气得泄,情志养生,对应,未知
秋分,萧瑟忧愁安,特征,秋分
秋分,黑夜最长,特征,秋分
秋分,白天最短,特征,秋分
秋分,昼夜温差逐渐加大,特征,秋分
秋分,登高,宜,秋分
秋分,开胸,宜,秋分
深秋,百合,宜食,未知
深秋,山药,宜食,未知
深秋,早睡早起,起居建议,未知
秋分,添衣保暖,养生建议,白露
秋分,血液循环,影响,白露
秋分,身心,影响,白露
早晚,添衣,应,白露
添衣,保暖,作用,白露
添衣保暖,老年,针对,白露
秋分,早睡早起,起居建议,秋分
秋分,润肺生津,饮食建议,秋分
秋分,滋阴润燥,饮食建议,秋分
秋分,百合,饮食宜食,秋分
秋分,山药,饮食宜食,秋分
秋分,添衣,技术建议,秋分
秋分,食玉泉,宜行,秋分
秋分,登山,宜行,秋分
秋分,早卧早起,养生原则,秋分
秋分,鸡俱兴,养生原则,秋分
秋分,头朝西,睡觉时头宜,秋分
秋分,鸡俱兴,节气特点,秋分
唐代,头朝西,记载,秋分
秋分,昼夜均而寒暑平,特征,秋分
秋分,头朝东,卧时宜,秋分
秋分,头朝西,卧时宜,秋分
秋分,春夏养阳,对应养生原则,秋分
秋分,秋冬养阴,对应养生原则,秋分
秋分,身屈膝而卧,养生建议,立春
秋分,侧卧,宜,立春
秋分,右侧弓形卧位,宜,立春
老人,侧卧,睡眠方式,立春
老人,右侧弓形卧位,睡眠方式,立春
秋季,秋分,包含,立夏
秋季,右侧卧,养生姿势,立夏
秋季,一手自然放在大腿上,养生姿势,立夏
秋季,微曲双腿,养生姿势,立夏
脊柱,弓形,形成,秋分
秋分,气候干燥,特征,秋分
秋分,口干咽燥,导致,秋分
秋分,大便干结,导致,秋分
秋分,口干,导致,秋分
秋分,干涸,导致,秋分
秋分,沼泽,影响,秋分
秋分,防寒,宜,秋分
秋分,肺,对应脏腑,秋分
秋分,新鲜蔬菜,宜食,秋分
秋分,芝麻,宜食,秋分
秋分,百合,宜食,秋分
秋分,荸荠,宜食,秋分
秋分,甘蔗,宜食,秋分
秋分,柿子,宜食,秋分
秋分,银耳,宜食,秋分
秋分,润肺生津,对应功效,秋分
秋分,滋阴润燥,对应功效,秋分
百合,微苦,味,未知
百合,润肺止咳,具有,未知
百合,此节气,适合食用,未知
山药,固肾益精,具有,未知
山药,健脾益胃,具有,未知
山药,润肺止咳,具有,未知
山药,止泻化痰,具有,未知
山药,肾虚遗精,可治疗,未知
山药,脾虚泄泻,可治疗,未知
秋分,山药,宜食,秋分
山药,阴阳兼补,具有,秋分
山药,不燥不腻,具有,秋分
山药,温补,具有,秋分
山药,润五官,具有,秋分
山药,悦肌肤,具有,秋分
山药,强筋骨,具有,秋分
山药,通气血,具有,秋分
山药,延寿命,具有,秋分
食玉泉,延寿命,能,秋分
食玉泉,除百病,能,秋分
秋分,秋高气爽,特征,秋分
登山,身心健康,益于,秋分
登山,体质,增强,秋分
登山,肌肉,增强,秋分
登山,耐受力,提高,秋分
食玉泉,蒯京,创编者,秋分
情志养生,秋分,对应节气,秋分
处暑,湿热雨,气候特征,处暑
处暑,登高练操,宜,处暑
处暑,除浊气,宜,处暑
处暑,清热安神,宜,处暑
处暑,银耳蜜,宜食,处暑
处暑,早睡早起,起居建议,处暑
处暑,早晚,起居建议,处暑
华南,湿热,气候特征,处暑
处暑,清热安神,养生要点,处暑
处暑,银耳,宜食,处暑
处暑,蜂蜜,宜食,处暑
处暑,爬山,锻炼方式,处暑
处暑,健身操,锻炼方式,处暑
处暑,秋天,对应时节,处暑
处暑,肃杀之气,对应气候,处暑
处暑,早睡早起,养生建议,处暑
早睡早起,睡眠充足,作用,处暑
处暑,月令七十二候集解,依据,处暑
处暑,午睡,养生之道,处暑
处暑,秋乏,可缓解,处暑
午睡,老年人,对,大暑
老人,少寐,易患,处暑
处暑,初秋,特征,处暑
处暑,添衣,宜,处暑
处暑,春捂秋冻,遵循,处暑
处暑,睡眠,可改善,处暑
处暑,入睡,有助于,处暑
蜂蜜,睡眠,可改善,处暑
蜂蜜,入睡,有助于,处暑
处暑,养肺,应重视,处暑
处暑,百合,宜食,处暑
处暑,芝麻,宜食,处暑
处暑,牛奶,宜食,处暑
处暑,鸭肉,宜食,处暑
处暑,莲藕,宜食,处暑
处暑,荸荠,宜食,处暑
处暑,甘蔗,宜食,处暑
处暑,咸味,宜食,处暑
处暑,酸味,宜食,处暑
处暑,辛辣食物,忌食,处暑
处暑,爬山,宜进行,处暑
处暑,健身操,宜进行,处暑
处暑,散步,宜进行,处暑
处暑,太极拳,宜进行,处暑
处暑,西红柿,宜食,处暑
处暑,山楂,宜食,处暑
处暑,乌梅,宜食,处暑
处暑,口干咽干,可缓解,处暑
口干咽干,淡盐水,可缓解,处暑
处暑,淡盐水,宜,处暑
处暑,坐功,宜,处暑
淡盐水,解毒,功效,处暑
淡盐水,汗出,可能导致,处暑
坐功,正坐,动作,处暑
处暑,天气较干燥,特征,处暑
处暑,燥邪,易感,处暑
处暑,调息吐纳,宜行,处暑
处暑,津液咽入丹田,宜行,处暑
处暑,多食滋阴润肺食物,宜食,处暑
灼伤肺津,燥邪,病因,处暑
灼伤肺津,津液咽入丹田,可治,处暑
风湿留滞,蜂蜜,主治,处暑
肩背胸痛,蜂蜜,主治,处暑
上臂疼痛,蜂蜜,主治,处暑
胸闷,蜂蜜,主治,处暑
咳嗽,蜂蜜,主治,处暑
气短,蜂蜜,主治,处暑
蜂蜜,清热,功效,处暑
蜂蜜,补中,功效,处暑
蜂蜜,解毒,功效,处暑
蜂蜜,止痛,功效,处暑
蜂蜜,养阴润燥,功效,处暑
蜂蜜,润肺补虚,功效,处暑
蜂蜜,润肠通便,功效,处暑
蜂蜜,解药毒,功效,处暑
蜂蜜,养脾气,功效,处暑
蜂蜜,悦颜色,功效,处暑
蜂蜜,本草纲目,记载于,处暑
李时珍,本草纲目,著述,处暑
处暑,听音乐,可通过,处暑
处暑,钓鱼,可通过,处暑
蜂蜜,无机盐,含有,处暑
蜂蜜,果糖,含有,处暑
蜂蜜,葡萄糖,含有,处暑
蜂蜜,有机酸,含有,处暑
蜂蜜,微量元素,含有,处暑
大暑,赤日炎火烧,特征,大暑
大暑,闷热,特征,大暑
大暑,潮湿,特征,大暑
大暑,暑湿,特征,大暑
大暑,苦夏,对应病症,大暑
大暑,避暑乘凉静养好,养生建议,大暑
大暑,静养,养生建议,大暑
大暑,散步,养生建议,大暑
大暑,苦夏散步茶薷香,养生建议,大暑
大暑,熏艾防蚊防感冒,养生建议,大暑
大暑,中伏,正值,大暑
大暑,高温天气,对应天气,大暑
大暑,烈日炎炎,特征,大暑
大暑,天气酷热,特征,大暑
大暑,静养,宜,大暑
大暑,气候炎热,节气特点,小暑
大暑,防暑降温,养生要点,小暑
大暑,小暑,与,小暑
大暑,有米不愿回,俗语,小暑
大暑,酷热难耐,特征,大暑
大暑,潮湿闷热,特征,大暑
大暑,中暑,可能导致,大暑
大暑,防暑降温,养生重点,大暑
大暑,夏天,属于,大暑
大暑,腐草为萤,三候之一,大暑
大暑,人主心,三候之一,大暑
大暑,土润溽暑,三候之一,大暑
大暑,大雨时行,三候之一,大暑
萤火虫,水生,分为,大暑
萤火虫,陆生,分为,大暑
中暑,中气虚,病因,大暑
大暑,中暑,易发,大暑
大暑,室内降温,应采取,大暑
大暑,清暑祛湿茶,宜食,大暑
大暑,藿香叶粥,宜食,大暑
暑湿之气,中暑,导致,大暑
暑湿,心气,耗伤,大暑
清暑祛湿茶,芳香化浊,属于,大暑
清暑祛湿茶,清解湿热,属于,大暑
藿香叶粥,芳香化浊,属于,大暑
藿香叶粥,清解湿热,属于,大暑
大暑,扁豆花,宜食,大暑
大暑,玫瑰花,宜食,大暑
大暑,因暑贪凉,忌,大暑
大暑,因暑取凉,忌,大暑
大暑,熏艾防蚊防感冒,时节,大暑
艾叶,辛苦,性味,大暑
艾叶,肝,归经,大暑
艾叶,脾,归经,大暑
熏艾防蚊防感冒,温经止血,功效,大暑
熏艾防蚊防感冒,散寒止痛,功效,大暑
熏艾防蚊防感冒,祛风止痒,功效,大暑
熏艾防蚊防感冒,大暑,适用时节,大暑
运动养生,运动方式,涉及,大暑
大暑,肩背痛,易出现,大暑
大暑,中风,易出现,大暑
大暑,多汗,易出现,大暑
大暑,心情郁结,易出现,大暑
大暑,健忘,易出现,大暑
叩动牙齿,头痛,可治,大暑
调息,头痛,可治,大暑
津液咽入丹田,头痛,可治,大暑
胸背,头痛,可治,大暑
咳嗽上气,暑湿之气,病因,大暑
喘咳,暑湿之气,病因,大暑
心烦,暑湿之气,病因,大暑
胸膈胀满,暑湿之气,病因,大暑
掌中热,暑湿之气,病因,大暑
脐上,暑湿之气,症状,大暑
大暑,炎热,导致,大暑
大暑,腹胀,导致,大暑
大暑,疲劳,导致,大暑
大暑,食欲不振,导致,大暑
大暑,心烦,导致,大暑
大暑,焦躁,导致,大暑
大暑,冰糖,宜食,大暑
大暑,开水,宜食,大暑
大暑,健脾,宜,大暑
大暑,益气,宜,大暑
大暑,养阴,宜,大暑
大暑,理气,宜,大暑
大暑,化痰,宜,大暑
大暑,耗气怒,易导致,大暑
大暑,夏季情感障碍症,易导致,大暑
大暑,多喝水,宜食,大暑
大暑,常食粥,宜食,大暑
大暑,新鲜蔬菜,宜食,大暑
大暑,山药,宜食,大暑
大暑,大枣,宜食,大暑
大暑,蜂蜜,宜食,大暑
大暑,莲藕,宜食,大暑
大暑,百合,宜食,大暑
大暑,气温,受气候影响,大暑
大暑,湿度,受气候影响,大暑
大暑,气压,受气候影响,大暑
大暑,神经系统,影响,大暑
大暑,鸭肉,宜食,大暑
大暑,鸭肉,进补推荐,大暑
鸭肉,滋五脏之阴,功效,大暑
鸭肉,清虚劳之热,功效,大暑
鸭肉,补血行水,功效,大暑
鸭肉,养胃生津,功效,大暑
大暑,情绪中暑,对应症状,大暑
情绪中暑,不良情绪,病因,大暑
大暑,心静,养生重点,大暑
大暑,心平气和,养生重点,大暑
大暑,止嗽息惊,宜,大暑
大暑,不良情绪,避免,大暑
雨水,甘食热粥,宜食,雨水
雨水,心存淡泊制怒平,应避免,雨水
雨水,春捂,建议,雨水
雨水,省酸增甘,饮食原则,雨水
春日,防疫病,宜,雨水
雨水节气,降水增多,特征,雨水
雨水节气,省酸增甘,养生原则,雨水
雨水节气,养脾气,养生原则,雨水
春季,肝脏,对应脏腑,雨水
雨水节气,补脾,养生重点,雨水
雨水节气,导引功,宜练,雨水
雨水节气,锻炼身体,宜,雨水
酸味,肝,入,雨水
酸味,收敛,性,雨水
雨水,大枣,宜食,雨水
雨水,小米,宜食,雨水
雨水,糯米,宜食,雨水
雨水,薏苡仁,宜食,雨水
雨水,豇豆,宜食,雨水
雨水,扁豆,宜食,雨水
雨水,气温回升,特征,雨水
雨水,冰雪融化,特征,雨水
雨水,降水增多,特征,雨水
雨水,胡萝卜,宜食,雨水
雨水,红薯,宜食,雨水
雨水,南瓜,宜食,雨水
雨水,桂圆,宜食,雨水
雨水,栗子,宜食,雨水
雨水,酸味食物,忌食,雨水
雨水,乌梅,忌食,雨水
雨水,酸梅,忌食,雨水
立春,水腻之物,生发,立春
立春,脾胃阳气,以顾护,立春
雨水,脾胃阳气,对应,立春
春天,脾胃,对应,立春
雨水,鸿雁来,物候记载,雨水
雨水,草木以水为辅,物候记载,雨水
雨水,水米交融,物候记载,雨水
雨水,香甜可口,物候记载,雨水
雨水,便于消化吸收,物候记载,雨水
雨水,萌动,物候记载,雨水
雨水,鸿雁来,三候,雨水
雨水,草木萌动,三候,雨水
雨水,地黄粥,宜食,雨水
雨水节气,防风粥,宜食,雨水
雨水节气,紫苏粥,宜食,雨水
防风粥,防风,包含,雨水
紫苏粥,紫苏,包含,雨水
防风粥,煮粥,制作方法,雨水
雨水,冷空,特征,雨水
雨水,寒潮,特征,雨水
雨水,物燥,特征,雨水
雨水,皮肤脱皮,易出现,雨水
雨水,口舌干燥,易出现,雨水
雨水,嘴唇干裂,易出现,雨水
雨水,扁豆红枣粥,宜食,雨水
雨水,山药粥,宜食,雨水
雨水,栗子桂圆粥,宜食,雨水
雨水,新鲜蔬菜,宜食,雨水
雨水,水果,宜食,雨水
雨水,补充水分,应,雨水
雨水节气,手少阳三焦经,对应经络,雨水
手少阳三焦经,亥时,在特定时间旺,雨水
亥时,睡觉,宜,雨水
导引功,盘坐,具体做法,雨水
导引功,两手相叠按右大腿,具体做法,雨水
导引功,上体向左转,具体做法,雨水
导引功,脖项向左扭转牵引,具体做法,雨水
过度忧虑,脾胃,影响,雨水
唾液,津液,属于,未知
叩齿,呕吐,可预防,未知
雨水节气,情绪波动,易引起,雨水
雨水节气,精神抑郁,易导致,雨水
雨水节气,忧思不断,易导致,雨水
雨水节气,心态,应调整,雨水
雨水节气,心情恬淡,应做到,雨水
雨水节气,开朗豁达,应做到,雨水
雨水节气,与人为善,应做到,雨水
情志养生,心情恬淡,对应,雨水
情志养生,开朗豁达,对应,雨水
情志养生,与人为善,对应,雨水
二十四节气养生歌,中国中医药现代远程教育杂志社,发表来源,未知
二十四节气养生歌,北京,发表地点,未知
